商品名稱A,商品名稱B,網頁A,價格A,網頁B,價格B,搜尋詞,label,LLM result,decide
【Cheetos 奇多】奇多 隨口脆 28G(起司 雞汁 海苔 玉米濃湯 2倍濃起司 蜂蜜奶油 微香辣 玉米脆 奇多),"Cheetos 奇多 隨口脆 玉米濃湯口味玉米脆, 28g, 6包",https://m.momoshop.com.tw/search.momo?curPage=1&searchKeyword=cheetos 辣,12,https://www.tw.coupang.com/products/Cheetos-%E5%A5%87%E5%A4%9A-%E9%9A%A8%E5%8F%A3%E8%84%86-%E7%8E%89%E7%B1%B3%E6%BF%83%E6%B9%AF%E5%8F%A3%E5%91%B3%E7%8E%89%E7%B1%B3%E8%84%86-464300497944579?itemId=473345212530689&vendorItemId=473345212481537&sourceType=search&rank=10&searchId=a974fb5b4901483ea2f667ef26ceab8a&q=cheetos%20%E8%BE%A3,$72,cheetos 辣,x,"Chain of Thought (CoT) 评估：
1. **品牌**：两个商品的品牌都是Cheetos 奇多，品牌一致。
2. **产品类型**：两个商品都是奇多随口脆，产品类型一致。
3. **数量差异**：第一个商品的数量为28G，第二个商品为28g，且第二个商品包含6包，因此在数量上存在差异。
4. **口味差异**：第一个商品列出了多种口味（起司、鸡汁、海苔等），而第二个商品仅提到玉米浓汤口味，存在口味差异。

结","Chain of Thought (CoT) 评估：
1. **品牌**：两个商品的品牌都是Cheetos 奇多，品牌一致。
2. **产品类型**：两个商品都是奇多随口脆，产品类型一致。
3. **数量差异**：第一个商品的数量为28G，第二个商品为28g，且第二个商品包含6包，因此在数量上存在差异。
4. **口味差异**：第一个商品列出了多种口味（起司、鸡汁、海苔等），而第二个商品仅提到玉米浓汤口味，存在口味差异。

结果：数、色"
【Cheetos 奇多】奇多 隨口脆 28G(起司 雞汁 海苔 玉米濃湯 2倍濃起司 蜂蜜奶油 微香辣 玉米脆 奇多),"Cheetos 奇多 家常起司口味玉米棒, 55g, 25包",https://m.momoshop.com.tw/search.momo?curPage=1&searchKeyword=cheetos 辣,12,https://www.tw.coupang.com/products/Cheetos-%E5%A5%87%E5%A4%9A-%E5%AE%B6%E5%B8%B8%E8%B5%B7%E5%8F%B8%E5%8F%A3%E5%91%B3%E7%8E%89%E7%B1%B3%E6%A3%92-151140272406535?itemId=207706237403137&vendorItemId=207706233208892&sourceType=search&rank=6&searchId=b86905cd181d4cf3bf0bd96120667a8c&q=cheetos%20%E8%BE%A3,$400,cheetos 辣,x,"Chain of Thought (CoT) 评估：
1. **品牌**：两个商品的品牌都是Cheetos 奇多，品牌一致。
2. **产品类型**：第一个商品是“随口脆”，第二个商品是“家常起司口味玉米棒”，虽然都是Cheetos的产品，但产品类型不同。
3. **数量差异**：第一个商品的包装为28G，第二个商品为55g且有25包，数量上存在差异。
4. **外观颜色**：描述中没有提及颜色，因此无法判断。
5. **容量差异**：第一个商品的容量为28G，第二个商品的容量为55g，存在容量差异。
6. **尺寸差异**：描述中没有提及尺寸，因此无法判断。

由于产品类型不同，无法进行比价。
","Chain of Thought (CoT) 评估：
1. **品牌**：两个商品的品牌都是Cheetos 奇多，品牌一致。
2. **产品类型**：第一个商品是“随口脆”，第二个商品是“家常起司口味玉米棒”，虽然都是Cheetos的产品，但产品类型不同。
3. **数量差异**：第一个商品的包装为28G，第二个商品为55g且有25包，数量上存在差异。
4. **外观颜色**：描述中没有提及颜色，因此无法判断。
5. **容量差异**：第一个商品的容量为28G，第二个商品的容量为55g，存在容量差异。
6. **尺寸差异**：描述中没有提及尺寸，因此无法判断。

由于产品类型不同，无法进行比价。

结果：否"
【Cheetos 奇多】奇多 隨口脆 28G(起司 雞汁 海苔 玉米濃湯 2倍濃起司 蜂蜜奶油 微香辣 玉米脆 奇多),"Cheetos 奇多 玉米棒 香辣起司口味, 3包, 77.9g",https://m.momoshop.com.tw/search.momo?curPage=1&searchKeyword=cheetos 辣,12,https://www.tw.coupang.com/products/Cheetos-%E5%A5%87%E5%A4%9A-%E7%8E%89%E7%B1%B3%E6%A3%92-%E9%A6%99%E8%BE%A3%E8%B5%B7%E5%8F%B8%E5%8F%A3%E5%91%B3-21001140995220?itemId=21002968009707&vendorItemId=21070956438945&sourceType=search&rank=1&searchId=a974fb5b4901483ea2f667ef26ceab8a&q=cheetos%20%E8%BE%A3,$228,cheetos 辣,x,"Chain of Thought (CoT) 评估：
1. **品牌**：两个商品的品牌都是「Cheetos 奇多」，一致。
2. **产品类型**：两个商品都是「奇多」系列的零食，主体一致。
3. **数量差异**：第一个商品为28G，第二个商品为77.9g，存在数量差异。
4. **口味差异**：第一个商品有多种口味（起司、鸡汁、海苔等），而第二个商品为香辣起司口味，存在口味差异。
5. **包装差异**：第一个商品是单包，第二个商品是3包，存在包装数量差异。

结","Chain of Thought (CoT) 评估：
1. **品牌**：两个商品的品牌都是「Cheetos 奇多」，一致。
2. **产品类型**：两个商品都是「奇多」系列的零食，主体一致。
3. **数量差异**：第一个商品为28G，第二个商品为77.9g，存在数量差异。
4. **口味差异**：第一个商品有多种口味（起司、鸡汁、海苔等），而第二个商品为香辣起司口味，存在口味差异。
5. **包装差异**：第一个商品是单包，第二个商品是3包，存在包装数量差异。

结果：数、色"
【美式賣場】Cheetos 奇多 火辣起司口味玉米棒分享箱(460G),"Cheetos 奇多 隨口脆 玉米濃湯口味玉米脆, 28g, 6包",https://m.momoshop.com.tw/search.momo?curPage=1&searchKeyword=cheetos 辣,459,https://www.tw.coupang.com/products/Cheetos-%E5%A5%87%E5%A4%9A-%E9%9A%A8%E5%8F%A3%E8%84%86-%E7%8E%89%E7%B1%B3%E6%BF%83%E6%B9%AF%E5%8F%A3%E5%91%B3%E7%8E%89%E7%B1%B3%E8%84%86-464300497944579?itemId=473345212530689&vendorItemId=473345212481537&sourceType=search&rank=10&searchId=a974fb5b4901483ea2f667ef26ceab8a&q=cheetos%20%E8%BE%A3,$72,cheetos 辣,x,"Chain of Thought (CoT) 评估：
1. **品牌**：两个商品的品牌都是Cheetos，品牌一致。
2. **产品类型**：两个商品都是玉米脆，产品类型一致。
3. **数量差异**：第一个商品为460G，第二个商品为28g，且第二个商品包含6包，因此在数量上有差异。
4. **口味差异**：第一个商品是火辣起司口味，第二个商品是玉米浓汤口味，口味不同。
5. **容器差异**：第一个商品是分享箱，第二个商品是6包装，容器形式不同。

结果：","Chain of Thought (CoT) 评估：
1. **品牌**：两个商品的品牌都是Cheetos，品牌一致。
2. **产品类型**：两个商品都是玉米脆，产品类型一致。
3. **数量差异**：第一个商品为460G，第二个商品为28g，且第二个商品包含6包，因此在数量上有差异。
4. **口味差异**：第一个商品是火辣起司口味，第二个商品是玉米浓汤口味，口味不同。
5. **容器差异**：第一个商品是分享箱，第二个商品是6包装，容器形式不同。

结果：数、容、色"
【美式賣場】Cheetos 奇多 火辣起司口味玉米棒分享箱(460G),"Cheetos 奇多 家常起司口味玉米棒, 55g, 25包",https://m.momoshop.com.tw/search.momo?curPage=1&searchKeyword=cheetos 辣,459,https://www.tw.coupang.com/products/Cheetos-%E5%A5%87%E5%A4%9A-%E5%AE%B6%E5%B8%B8%E8%B5%B7%E5%8F%B8%E5%8F%A3%E5%91%B3%E7%8E%89%E7%B1%B3%E6%A3%92-151140272406535?itemId=207706237403137&vendorItemId=207706233208892&sourceType=search&rank=6&searchId=b86905cd181d4cf3bf0bd96120667a8c&q=cheetos%20%E8%BE%A3,$400,cheetos 辣,x,"Chain of Thought (CoT) 评估：
1. **品牌**：两个商品的品牌都是Cheetos，品牌一致。
2. **产品类型**：两个商品都是玉米棒，产品类型一致。
3. **数量差异**：第一个商品为460g的分享箱，第二个商品为55g的25包，存在数量差异。
4. **外观颜色**：两个商品的口味不同，第一个是火辣起司口味，第二个是家常起司口味，可能存在外观颜色差异，但未明确指出。
5. **容量差异**：第一个商品的总重量为460g，第二个商品的单包为55g，存在容量差异。

结","Chain of Thought (CoT) 评估：
1. **品牌**：两个商品的品牌都是Cheetos，品牌一致。
2. **产品类型**：两个商品都是玉米棒，产品类型一致。
3. **数量差异**：第一个商品为460g的分享箱，第二个商品为55g的25包，存在数量差异。
4. **外观颜色**：两个商品的口味不同，第一个是火辣起司口味，第二个是家常起司口味，可能存在外观颜色差异，但未明确指出。
5. **容量差异**：第一个商品的总重量为460g，第二个商品的单包为55g，存在容量差异。

结果：数、容"
【美式賣場】Cheetos 奇多 火辣起司口味玉米棒分享箱(460G),"Cheetos 奇多 玉米棒 香辣起司口味, 3包, 77.9g",https://m.momoshop.com.tw/search.momo?curPage=1&searchKeyword=cheetos 辣,459,https://www.tw.coupang.com/products/Cheetos-%E5%A5%87%E5%A4%9A-%E7%8E%89%E7%B1%B3%E6%A3%92-%E9%A6%99%E8%BE%A3%E8%B5%B7%E5%8F%B8%E5%8F%A3%E5%91%B3-21001140995220?itemId=21002968009707&vendorItemId=21070956438945&sourceType=search&rank=1&searchId=a974fb5b4901483ea2f667ef26ceab8a&q=cheetos%20%E8%BE%A3,$228,cheetos 辣,x,"Chain of Thought (CoT) 评估：
1. **品牌**：两个商品的品牌都是Cheetos，品牌一致。
2. **产品类型**：两个商品都是玉米棒，产品类型一致。
3. **数量差异**：第一个商品为460G，第二个商品为3包77.9g，数量上存在差异。
4. **外观颜色**：两个商品的口味描述不同，第一个是“火辣起司口味”，第二个是“香辣起司口味”，但这不构成颜色差异。
5. **容量差异**：第一个商品的总重量为460G，而第二个商品的总重量为77.9g，存在容量差异。

结","Chain of Thought (CoT) 评估：
1. **品牌**：两个商品的品牌都是Cheetos，品牌一致。
2. **产品类型**：两个商品都是玉米棒，产品类型一致。
3. **数量差异**：第一个商品为460G，第二个商品为3包77.9g，数量上存在差异。
4. **外观颜色**：两个商品的口味描述不同，第一个是“火辣起司口味”，第二个是“香辣起司口味”，但这不构成颜色差异。
5. **容量差异**：第一个商品的总重量为460G，而第二个商品的总重量为77.9g，存在容量差异。

结果：数、容"
【美式賣場】Cheetos奇多 火辣起司口味玉米棒(35.4G*13小包/箱),"Cheetos 奇多 隨口脆 玉米濃湯口味玉米脆, 28g, 6包",https://m.momoshop.com.tw/search.momo?curPage=1&searchKeyword=cheetos 辣,515,https://www.tw.coupang.com/products/Cheetos-%E5%A5%87%E5%A4%9A-%E9%9A%A8%E5%8F%A3%E8%84%86-%E7%8E%89%E7%B1%B3%E6%BF%83%E6%B9%AF%E5%8F%A3%E5%91%B3%E7%8E%89%E7%B1%B3%E8%84%86-464300497944579?itemId=473345212530689&vendorItemId=473345212481537&sourceType=search&rank=10&searchId=a974fb5b4901483ea2f667ef26ceab8a&q=cheetos%20%E8%BE%A3,$72,cheetos 辣,x,"Chain of Thought (CoT) 评估：
1. **品牌**：两个商品的品牌都是Cheetos，品牌一致。
2. **产品类型**：两个商品都是玉米脆，产品类型一致。
3. **数量差异**：第一个商品是35.4G*13小包，而第二个商品是28g, 6包，数量上有差异。
4. **口味差异**：第一个商品是火辣起司口味，第二个商品是玉米浓汤口味，口味上有差异。
5. **包装差异**：第一个商品的每包重量为35.4G，而第二个商品的每包重量为28g，包装上有差异。

结果：","Chain of Thought (CoT) 评估：
1. **品牌**：两个商品的品牌都是Cheetos，品牌一致。
2. **产品类型**：两个商品都是玉米脆，产品类型一致。
3. **数量差异**：第一个商品是35.4G*13小包，而第二个商品是28g, 6包，数量上有差异。
4. **口味差异**：第一个商品是火辣起司口味，第二个商品是玉米浓汤口味，口味上有差异。
5. **包装差异**：第一个商品的每包重量为35.4G，而第二个商品的每包重量为28g，包装上有差异。

结果：数、色、容"
【美式賣場】Cheetos奇多 火辣起司口味玉米棒(35.4G*13小包/箱),"Cheetos 奇多 家常起司口味玉米棒, 55g, 25包",https://m.momoshop.com.tw/search.momo?curPage=1&searchKeyword=cheetos 辣,515,https://www.tw.coupang.com/products/Cheetos-%E5%A5%87%E5%A4%9A-%E5%AE%B6%E5%B8%B8%E8%B5%B7%E5%8F%B8%E5%8F%A3%E5%91%B3%E7%8E%89%E7%B1%B3%E6%A3%92-151140272406535?itemId=207706237403137&vendorItemId=207706233208892&sourceType=search&rank=6&searchId=b86905cd181d4cf3bf0bd96120667a8c&q=cheetos%20%E8%BE%A3,$400,cheetos 辣,x,"Chain of Thought (CoT) 评估：
1. **品牌**：两个商品的品牌都是Cheetos奇多，品牌一致。
2. **产品类型**：两个商品都是玉米棒，产品类型一致。
3. **数量差异**：第一个商品是35.4G*13小包，第二个商品是55g, 25包，数量上有差异。
4. **外观颜色**：两个商品的口味不同，第一个是火辣起司口味，第二个是家常起司口味，可能存在外观颜色差异，但未明确指出。
5. **容量差异**：第一个商品的每小包是35.4克，第二个商品的每包是55克，容量上有差异。

结","Chain of Thought (CoT) 评估：
1. **品牌**：两个商品的品牌都是Cheetos奇多，品牌一致。
2. **产品类型**：两个商品都是玉米棒，产品类型一致。
3. **数量差异**：第一个商品是35.4G*13小包，第二个商品是55g, 25包，数量上有差异。
4. **外观颜色**：两个商品的口味不同，第一个是火辣起司口味，第二个是家常起司口味，可能存在外观颜色差异，但未明确指出。
5. **容量差异**：第一个商品的每小包是35.4克，第二个商品的每包是55克，容量上有差异。

结果：数、容"
【美式賣場】Cheetos奇多 火辣起司口味玉米棒(35.4G*13小包/箱),"Cheetos 奇多 玉米棒 香辣起司口味, 3包, 77.9g",https://m.momoshop.com.tw/search.momo?curPage=1&searchKeyword=cheetos 辣,515,https://www.tw.coupang.com/products/Cheetos-%E5%A5%87%E5%A4%9A-%E7%8E%89%E7%B1%B3%E6%A3%92-%E9%A6%99%E8%BE%A3%E8%B5%B7%E5%8F%B8%E5%8F%A3%E5%91%B3-21001140995220?itemId=21002968009707&vendorItemId=21070956438945&sourceType=search&rank=1&searchId=a974fb5b4901483ea2f667ef26ceab8a&q=cheetos%20%E8%BE%A3,$228,cheetos 辣,x,"Chain of Thought (CoT) 评估：
1. **品牌**：两个商品的品牌都是Cheetos，品牌一致。
2. **产品类型**：两个商品都是玉米棒，产品类型一致。
3. **数量差异**：第一个商品是13小包（35.4G*13），第二个商品是3包（77.9g），数量上有差异。
4. **容量差异**：第一个商品的每小包是35.4g，而第二个商品的总量是77.9g，容量上也有差异。

结","Chain of Thought (CoT) 评估：
1. **品牌**：两个商品的品牌都是Cheetos，品牌一致。
2. **产品类型**：两个商品都是玉米棒，产品类型一致。
3. **数量差异**：第一个商品是13小包（35.4G*13），第二个商品是3包（77.9g），数量上有差异。
4. **容量差异**：第一个商品的每小包是35.4g，而第二个商品的总量是77.9g，容量上也有差异。

结果：数、容"
