商品名稱A,商品名稱B,網頁A,價格A,網頁B,價格B,搜尋詞,label,LLM result,Desc A,Desc B,decide
【Cheetos 奇多】奇多 隨口脆 28G(起司 雞汁 海苔 玉米濃湯 2倍濃起司 蜂蜜奶油 微香辣 玉米脆 奇多),"Cheetos 奇多 隨口脆 玉米濃湯口味玉米脆, 28g, 6包",https://m.momoshop.com.tw/search.momo?curPage=1&searchKeyword=cheetos 辣,12,https://www.tw.coupang.com/products/Cheetos-%E5%A5%87%E5%A4%9A-%E9%9A%A8%E5%8F%A3%E8%84%86-%E7%8E%89%E7%B1%B3%E6%BF%83%E6%B9%AF%E5%8F%A3%E5%91%B3%E7%8E%89%E7%B1%B3%E8%84%86-464300497944579?itemId=473345212530689&vendorItemId=473345212481537&sourceType=search&rank=10&searchId=a974fb5b4901483ea2f667ef26ceab8a&q=cheetos%20%E8%BE%A3,$72,cheetos 辣,x,数,"在商品名称中，可以辨认出以下关键词及其解释：

1. **Cheetos 奇多**：这是品牌名称，Cheetos 是一个知名的零食品牌，主要以玉米制成的脆片为主。

2. **奇多 随口脆**：这是产品的系列名称，""随口脆"" 表示这种产品是方便食用的小零食，口感酥脆。

3. **28G**：这是产品的重量，表示每包的净含量为28克。

4. **口味**：
   - **起司**：一种常见的口味，通常是奶酪的味道。
   - **鸡汁**：指的是鸡肉的风味，通常会有鲜香的味道。
   - **海苔**：一种海藻的味道，常用于日本料理，给人一种清新的口感。
   - **玉米浓汤**：模仿玉米浓汤的味道，通常会有浓郁的玉米香气。
   - **2倍浓起司**：表示起司味道更加浓郁，适合喜欢重口味的人。
   - **蜂蜜奶油**：一种甜味口味，结合了蜂蜜和奶油的香甜。
   - **微香辣**：表示有轻微的辣味，适合喜欢微辣口感的人。
   - **玉米脆**：强调产品的主要成分是玉米，且口感酥脆。

5. **数量**：虽然在这个商品名称中没有明确的数量，但通常这类产品会以单包或多包的形式出售。

总结：该商品是Cheetos品牌下的一款随口脆零食，重量为28克，提供多种口味选择，包括起司、鸡汁、海苔、玉米浓汤、2倍浓起司、蜂蜜奶油和微香辣，适合不同口味偏好的消费者。","商品名称：Cheetos 奇多 随口脆 玉米浓汤口味玉米脆, 28g, 6包

关键词及解释：

1. **Cheetos**：这是一个知名的零食品牌，主要生产以玉米为基础的脆片和小吃。

2. **奇多**：这是Cheetos在某些市场（如中国）使用的品牌名称。

3. **随口脆**：这是该产品的系列名称，表明这种零食是方便随时食用的脆片。

4. **玉米浓汤口味**：这是该产品的口味描述，表示这种脆片的味道是玉米浓汤，通常是指一种浓郁的玉米风味。

5. **玉米脆**：指的是该产品的主要成分和类型，即以玉米为基础制作的脆片。

6. **28g**：这是产品的单包净重，表示每包脆片的重量为28克。

7. **6包**：这是产品的数量，表示该商品包含6包脆片。

总结：该商品是Cheetos品牌下的奇多系列，口味为玉米浓汤的玉米脆片，每包重28克，共有6包。",数
【Cheetos 奇多】奇多 隨口脆 28G(起司 雞汁 海苔 玉米濃湯 2倍濃起司 蜂蜜奶油 微香辣 玉米脆 奇多),"Cheetos 奇多 家常起司口味玉米棒, 55g, 25包",https://m.momoshop.com.tw/search.momo?curPage=1&searchKeyword=cheetos 辣,12,https://www.tw.coupang.com/products/Cheetos-%E5%A5%87%E5%A4%9A-%E5%AE%B6%E5%B8%B8%E8%B5%B7%E5%8F%B8%E5%8F%A3%E5%91%B3%E7%8E%89%E7%B1%B3%E6%A3%92-151140272406535?itemId=207706237403137&vendorItemId=207706233208892&sourceType=search&rank=6&searchId=b86905cd181d4cf3bf0bd96120667a8c&q=cheetos%20%E8%BE%A3,$400,cheetos 辣,x,否,"在商品名称中，可以辨认出以下关键词及其解释：

1. **Cheetos 奇多**：这是品牌名称，Cheetos 是一个知名的零食品牌，主要以玉米制成的脆片为主。

2. **奇多 随口脆**：这是产品的系列名称，""随口脆"" 表示这种产品是方便食用的小零食，口感酥脆。

3. **28G**：这是产品的重量，表示每包的净含量为28克。

4. **口味**：
   - **起司**：一种常见的口味，通常是奶酪的味道。
   - **鸡汁**：指的是鸡肉的风味，通常会有鲜香的味道。
   - **海苔**：一种海藻的味道，常用于日本料理，给人一种清新的口感。
   - **玉米浓汤**：模仿玉米浓汤的味道，通常会有浓郁的玉米香气。
   - **2倍浓起司**：表示起司味道更加浓郁，适合喜欢重口味的人。
   - **蜂蜜奶油**：一种甜味口味，结合了蜂蜜和奶油的香甜。
   - **微香辣**：表示有轻微的辣味，适合喜欢微辣口感的人。
   - **玉米脆**：强调产品的主要成分是玉米，且口感酥脆。

5. **数量**：虽然在这个商品名称中没有明确的数量，但通常这类产品会以单包或多包的形式出售。

总结：该商品是Cheetos品牌下的一款随口脆零食，重量为28克，提供多种口味选择，包括起司、鸡汁、海苔、玉米浓汤、2倍浓起司、蜂蜜奶油和微香辣，适合不同口味偏好的消费者。","在商品名称“Cheetos 奇多 家常起司口味玉米棒, 55g, 25包”中，可以辨认出以下关键词：

1. **Cheetos**：这是一个知名的零食品牌，主要以其玉米制成的小吃而闻名，通常是脆脆的、带有不同口味的零食。

2. **奇多**：这是Cheetos在中国市场的品牌名称，代表同样的产品。

3. **家常起司口味**：这是该产品的具体口味描述。“家常”通常指的是一种亲切、常见的风味，可能让人联想到家庭自制的味道。“起司”则指的是奶酪的味道，表明该产品具有奶酪的风味。

4. **玉米棒**：这是产品的类型，表明它是用玉米制成的棒状零食。

5. **55g**：这是产品的净重，表示每包的重量为55克。

6. **25包**：这是产品的包装数量，表示该商品包含25包零食。

综上所述，这个商品是Cheetos品牌下的一种家常起司口味的玉米棒零食，每包重55克，总共包含25包。",否
【Cheetos 奇多】奇多 隨口脆 28G(起司 雞汁 海苔 玉米濃湯 2倍濃起司 蜂蜜奶油 微香辣 玉米脆 奇多),"Cheetos 奇多 玉米棒 香辣起司口味, 3包, 77.9g",https://m.momoshop.com.tw/search.momo?curPage=1&searchKeyword=cheetos 辣,12,https://www.tw.coupang.com/products/Cheetos-%E5%A5%87%E5%A4%9A-%E7%8E%89%E7%B1%B3%E6%A3%92-%E9%A6%99%E8%BE%A3%E8%B5%B7%E5%8F%B8%E5%8F%A3%E5%91%B3-21001140995220?itemId=21002968009707&vendorItemId=21070956438945&sourceType=search&rank=1&searchId=a974fb5b4901483ea2f667ef26ceab8a&q=cheetos%20%E8%BE%A3,$228,cheetos 辣,x,否,"在商品名称中，可以辨认出以下关键词及其解释：

1. **Cheetos 奇多**：这是品牌名称，Cheetos 是一个知名的零食品牌，主要以玉米制成的脆片为主。

2. **奇多 随口脆**：这是产品的系列名称，""随口脆"" 表示这种产品是方便食用的小零食，口感酥脆。

3. **28G**：这是产品的重量，表示每包的净含量为28克。

4. **口味**：
   - **起司**：一种常见的口味，通常是奶酪的味道。
   - **鸡汁**：指的是鸡肉的风味，通常会有鲜香的味道。
   - **海苔**：一种海藻的味道，常用于日本料理，给人一种清新的口感。
   - **玉米浓汤**：模仿玉米浓汤的味道，通常会有浓郁的玉米香气。
   - **2倍浓起司**：表示起司味道更加浓郁，适合喜欢重口味的人。
   - **蜂蜜奶油**：一种甜味口味，结合了蜂蜜和奶油的香甜。
   - **微香辣**：表示有轻微的辣味，适合喜欢微辣口感的人。
   - **玉米脆**：强调产品的主要成分是玉米，且口感酥脆。

5. **数量**：虽然在这个商品名称中没有明确的数量，但通常这类产品会以单包或多包的形式出售。

总结：该商品是Cheetos品牌下的一款随口脆零食，重量为28克，提供多种口味选择，包括起司、鸡汁、海苔、玉米浓汤、2倍浓起司、蜂蜜奶油和微香辣，适合不同口味偏好的消费者。","在这个商品名称中，可以辨认出以下关键词：

1. **Cheetos 奇多**：这是品牌名称，Cheetos 是一个知名的零食品牌，奇多是其在中国市场的名称。

2. **玉米棒**：这是产品的类型，指的是用玉米制成的零食，通常是脆脆的棒状。

3. **香辣起司口味**：这是产品的口味描述，表示该玉米棒具有香辣和起司的风味。

4. **3包**：这是数量，表示该商品包含3包玉米棒。

5. **77.9g**：这是容量或重量，表示每包玉米棒的净重为77.9克。

综上所述，这个商品是Cheetos品牌的香辣起司口味玉米棒，包含3包，每包的重量为77.9克。",否
【美式賣場】Cheetos 奇多 火辣起司口味玉米棒分享箱(460G),"Cheetos 奇多 隨口脆 玉米濃湯口味玉米脆, 28g, 6包",https://m.momoshop.com.tw/search.momo?curPage=1&searchKeyword=cheetos 辣,459,https://www.tw.coupang.com/products/Cheetos-%E5%A5%87%E5%A4%9A-%E9%9A%A8%E5%8F%A3%E8%84%86-%E7%8E%89%E7%B1%B3%E6%BF%83%E6%B9%AF%E5%8F%A3%E5%91%B3%E7%8E%89%E7%B1%B3%E8%84%86-464300497944579?itemId=473345212530689&vendorItemId=473345212481537&sourceType=search&rank=10&searchId=a974fb5b4901483ea2f667ef26ceab8a&q=cheetos%20%E8%BE%A3,$72,cheetos 辣,x,否,"在商品名称【美式卖场】Cheetos 奇多 火辣起司口味玉米棒分享箱(460G)中，可以辨认出以下关键词：

1. **美式卖场**：指的是一种销售模式，通常提供多种商品，类似于超市或仓储式商店，可能强调大宗商品的销售。

2. **Cheetos**：这是一个品牌名称，属于百事公司（PepsiCo），以其玉米制成的小吃而闻名。

3. **奇多**：这是Cheetos在某些地区的中文名称，指代同一品牌的产品。

4. **火辣起司口味**：这是产品的口味描述，表明该玉米棒具有辛辣和奶酪的风味，适合喜欢刺激口味的消费者。

5. **玉米棒**：这是产品的类型，指的是用玉米制成的零食，通常为脆脆的棒状。

6. **分享箱**：这表明该产品的包装形式，可能是为了方便多人分享而设计的较大包装。

7. **460G**：这是产品的容量，表示整个分享箱的净重为460克。

总结：该商品是Cheetos品牌的火辣起司口味玉米棒，适合分享，包装重量为460克，适合喜欢辛辣和奶酪口味的小吃爱好者。","商品名称为“Cheetos 奇多 随口脆 玉米浓汤口味玉米脆, 28g, 6包”。以下是对该商品名称中关键词的详细解析：

1. **Cheetos**：这是一个品牌名称，属于美国的Frito-Lay公司，专注于生产各种口味的玉米脆片。

2. **奇多**：这是Cheetos在中国市场的中文品牌名称。

3. **随口脆**：这是该产品的系列名称，表明这种玉米脆片是方便随时食用的小吃。

4. **玉米浓汤口味**：这是该产品的具体口味，表示这种玉米脆片的调味是基于玉米浓汤的风味。

5. **玉米脆**：指的是产品的主要成分和类型，即以玉米为基础制作的脆片。

6. **28g**：这是产品的单个包装重量，表示每包玉米脆片的净重为28克。

7. **6包**：这是产品的数量，表示该商品包含6个独立包装的玉米脆片。

总结：该商品是Cheetos品牌的奇多系列，口味为玉米浓汤的玉米脆片，每包重28克，共有6包。",否
【美式賣場】Cheetos 奇多 火辣起司口味玉米棒分享箱(460G),"Cheetos 奇多 家常起司口味玉米棒, 55g, 25包",https://m.momoshop.com.tw/search.momo?curPage=1&searchKeyword=cheetos 辣,459,https://www.tw.coupang.com/products/Cheetos-%E5%A5%87%E5%A4%9A-%E5%AE%B6%E5%B8%B8%E8%B5%B7%E5%8F%B8%E5%8F%A3%E5%91%B3%E7%8E%89%E7%B1%B3%E6%A3%92-151140272406535?itemId=207706237403137&vendorItemId=207706233208892&sourceType=search&rank=6&searchId=b86905cd181d4cf3bf0bd96120667a8c&q=cheetos%20%E8%BE%A3,$400,cheetos 辣,x,否,"在商品名称【美式卖场】Cheetos 奇多 火辣起司口味玉米棒分享箱(460G)中，可以辨认出以下关键词：

1. **美式卖场**：指的是一种销售模式，通常提供多种商品，类似于超市或仓储式商店，强调大宗商品的销售。

2. **Cheetos**：这是一个品牌名称，属于美国的零食品牌，以其玉米制成的脆饼干而闻名。

3. **奇多**：这是Cheetos在某些地区的中文名称，指代同一品牌的产品。

4. **火辣起司口味**：这是产品的口味描述，表明该玉米棒具有辛辣和奶酪的风味，适合喜欢刺激口味的消费者。

5. **玉米棒**：这是产品的类型，指的是用玉米制成的零食，通常为脆脆的形态。

6. **分享箱**：这表明该产品的包装形式，适合多人分享，通常包含多个小包装或较大包装，便于分享和聚会使用。

7. **460G**：这是产品的容量，表示整个分享箱的净重为460克。

总结：该商品是Cheetos品牌的火辣起司口味玉米棒，适合多人分享，整体重量为460克，适合喜欢辛辣和奶酪口味的消费者。","在商品名称“Cheetos 奇多 家常起司口味玉米棒, 55g, 25包”中，可以辨认出以下关键词：

1. **Cheetos**：这是一个知名的零食品牌，主要以其玉米制成的小吃而闻名，通常是脆脆的、带有不同口味的零食。

2. **奇多**：这是Cheetos在中国市场的品牌名称，代表同样的产品。

3. **家常起司口味**：这是该产品的具体口味描述。“家常”通常指的是一种亲切、常见的风味，可能让人联想到家庭自制的味道。“起司”则指的是奶酪的味道，表明该产品具有奶酪的风味。

4. **玉米棒**：这是产品的类型，表明它是用玉米制成的棒状零食。

5. **55g**：这是产品的净重，表示每包的重量为55克。

6. **25包**：这是产品的包装数量，表示该商品包含25包零食。

综上所述，这个商品是Cheetos品牌下的一种家常起司口味的玉米棒零食，每包重55克，总共包含25包。",否
【美式賣場】Cheetos 奇多 火辣起司口味玉米棒分享箱(460G),"Cheetos 奇多 玉米棒 香辣起司口味, 3包, 77.9g",https://m.momoshop.com.tw/search.momo?curPage=1&searchKeyword=cheetos 辣,459,https://www.tw.coupang.com/products/Cheetos-%E5%A5%87%E5%A4%9A-%E7%8E%89%E7%B1%B3%E6%A3%92-%E9%A6%99%E8%BE%A3%E8%B5%B7%E5%8F%B8%E5%8F%A3%E5%91%B3-21001140995220?itemId=21002968009707&vendorItemId=21070956438945&sourceType=search&rank=1&searchId=a974fb5b4901483ea2f667ef26ceab8a&q=cheetos%20%E8%BE%A3,$228,cheetos 辣,x,否,"在商品名称【美式卖场】Cheetos 奇多 火辣起司口味玉米棒分享箱(460G)中，可以辨认出以下关键词：

1. **美式卖场**：指的是一种零售商店，通常提供多种商品，类似于超市或仓储俱乐部，强调美国风格的购物体验。

2. **Cheetos**：这是一个品牌名称，属于百事公司，主要生产各种口味的玉米制零食。

3. **奇多**：是Cheetos在中国市场的品牌名称，指代同样的产品。

4. **火辣起司口味**：这是产品的口味描述，表明该玉米棒具有辛辣和奶酪的风味。

5. **玉米棒**：指的是该产品的类型，通常是用玉米制成的零食，形状类似于棒状。

6. **分享箱**：表示该产品的包装形式，通常是为了多人分享而设计的较大包装。

7. **460G**：这是产品的容量，表示整个分享箱的净重为460克。

总结：该商品是Cheetos品牌的火辣起司口味玉米棒，包装为分享箱，净重为460克，适合多人分享。","在这个商品名称中，可以辨认出以下关键词：

1. **Cheetos 奇多**：这是品牌名称，Cheetos 是一个知名的零食品牌，奇多是其在中国市场的名称。

2. **玉米棒**：这是产品的类型，指的是用玉米制成的零食，通常是脆脆的棒状。

3. **香辣起司口味**：这是产品的口味描述，表示该玉米棒具有香辣和起司的风味。

4. **3包**：这是数量，表示该商品包含3包玉米棒。

5. **77.9g**：这是容量或重量，表示每包玉米棒的净重为77.9克。

综上所述，这个商品是Cheetos品牌的香辣起司口味玉米棒，包含3包，每包的重量为77.9克。",否
【美式賣場】Cheetos奇多 火辣起司口味玉米棒(35.4G*13小包/箱),"Cheetos 奇多 隨口脆 玉米濃湯口味玉米脆, 28g, 6包",https://m.momoshop.com.tw/search.momo?curPage=1&searchKeyword=cheetos 辣,515,https://www.tw.coupang.com/products/Cheetos-%E5%A5%87%E5%A4%9A-%E9%9A%A8%E5%8F%A3%E8%84%86-%E7%8E%89%E7%B1%B3%E6%BF%83%E6%B9%AF%E5%8F%A3%E5%91%B3%E7%8E%89%E7%B1%B3%E8%84%86-464300497944579?itemId=473345212530689&vendorItemId=473345212481537&sourceType=search&rank=10&searchId=a974fb5b4901483ea2f667ef26ceab8a&q=cheetos%20%E8%BE%A3,$72,cheetos 辣,x,否,"在商品名称【美式卖场】Cheetos奇多 火辣起司口味玉米棒(35.4G*13小包/箱)中，可以辨认出以下关键词：

1. **美式卖场**：指的是一种以美国风格为主题的零售商店，通常提供多种商品，包括食品、饮料、家居用品等。

2. **Cheetos**：这是一个知名的零食品牌，主要以其玉米制成的脆饼干而闻名，通常有多种口味。

3. **奇多**：是Cheetos在某些地区的品牌名称，指代同样的产品。

4. **火辣起司口味**：这是该产品的具体口味，结合了“火辣”（通常指辛辣或带有辣味的）和“起司”（奶酪的味道），表明这款玉米棒具有辛辣和奶酪的风味。

5. **玉米棒**：指的是用玉米制成的零食，通常是脆脆的棒状形态，适合当作小吃或零食。

6. **35.4G**：这是每小包的净重，表示每包玉米棒的重量为35.4克。

7. **13小包/箱**：表示一个箱子里包含13个小包，方便消费者购买和分享。

8. **箱**：指的是包装形式，通常用于批量销售，便于存储和运输。

综上所述，这款商品是由Cheetos品牌生产的火辣起司口味的玉米棒，适合喜欢辛辣和奶酪风味的小吃爱好者，且以小包形式便于携带和分享。","商品名称为“Cheetos 奇多 随口脆 玉米浓汤口味玉米脆, 28g, 6包”。以下是对该商品名称中关键词的详细解析：

1. **Cheetos**：这是一个品牌名称，属于美国的Frito-Lay公司，专注于生产各种口味的玉米脆片。

2. **奇多**：这是Cheetos在中国市场的品牌名称，通常用于指代该品牌的产品。

3. **随口脆**：这是该产品的系列名称，表明这种玉米脆片是方便随时食用的小吃。

4. **玉米浓汤口味**：这是该产品的具体口味，表示该玉米脆片的调味是基于玉米浓汤的风味。

5. **玉米脆**：指的是产品的主要成分和类型，即以玉米为基础制作的脆片。

6. **28g**：这是产品的单个包装重量，表示每包玉米脆片的净重为28克。

7. **6包**：这是产品的数量，表示该商品包含6个独立包装的玉米脆片。

总结：该商品是Cheetos品牌的奇多系列，口味为玉米浓汤的玉米脆片，每包重28克，共有6包。",否
【美式賣場】Cheetos奇多 火辣起司口味玉米棒(35.4G*13小包/箱),"Cheetos 奇多 家常起司口味玉米棒, 55g, 25包",https://m.momoshop.com.tw/search.momo?curPage=1&searchKeyword=cheetos 辣,515,https://www.tw.coupang.com/products/Cheetos-%E5%A5%87%E5%A4%9A-%E5%AE%B6%E5%B8%B8%E8%B5%B7%E5%8F%B8%E5%8F%A3%E5%91%B3%E7%8E%89%E7%B1%B3%E6%A3%92-151140272406535?itemId=207706237403137&vendorItemId=207706233208892&sourceType=search&rank=6&searchId=b86905cd181d4cf3bf0bd96120667a8c&q=cheetos%20%E8%BE%A3,$400,cheetos 辣,x,否,"在商品名称【美式卖场】Cheetos奇多 火辣起司口味玉米棒(35.4G*13小包/箱)中，可以辨认出以下关键词：

1. **美式卖场**：指的是一种以美国风格为主题的零售商店，通常提供多种商品，包括食品、饮料、家居用品等。

2. **Cheetos**：这是一个知名的零食品牌，主要以其玉米制成的脆饼干而闻名，通常有多种口味。

3. **奇多**：是Cheetos在某些地区的品牌名称，指代同样的产品。

4. **火辣起司口味**：这是该产品的具体口味，结合了“火辣”（通常指辛辣或带有辣味的）和“起司”（奶酪的味道），表明这款玉米棒具有辛辣和奶酪的风味。

5. **玉米棒**：指的是用玉米制成的零食，通常是脆脆的棒状形态，适合当作小吃或零食。

6. **35.4G**：这是每小包的净重，表示每包玉米棒的重量为35.4克。

7. **13小包/箱**：表示一个箱子里包含13个小包，方便消费者购买和分享。

8. **箱**：指的是包装形式，通常用于批量销售，便于存储和运输。

综上所述，这款商品是由Cheetos品牌生产的火辣起司口味的玉米棒，适合喜欢辛辣和奶酪风味的小吃爱好者，且以小包形式便于携带和分享。","在商品名称“Cheetos 奇多 家常起司口味玉米棒, 55g, 25包”中，可以辨认出以下关键词：

1. **Cheetos**：这是一个知名的零食品牌，主要以其玉米制成的小吃而闻名，通常是脆脆的、带有不同口味的零食。

2. **奇多**：这是Cheetos在中国市场的品牌名称，代表同样的产品。

3. **家常起司口味**：这是该产品的具体口味描述。“家常”通常指的是一种亲切、常见的风味，可能让人联想到家庭自制的味道。“起司”则指的是奶酪的味道，表明该产品具有奶酪的风味。

4. **玉米棒**：这是产品的类型，表明它是用玉米制成的棒状零食。

5. **55g**：这是产品的净重，表示每包的重量为55克。

6. **25包**：这是产品的包装数量，表示该商品包含25包零食。

综上所述，这个商品是Cheetos品牌下的一种家常起司口味的玉米棒零食，每包重55克，总共包含25包。",否
【美式賣場】Cheetos奇多 火辣起司口味玉米棒(35.4G*13小包/箱),"Cheetos 奇多 玉米棒 香辣起司口味, 3包, 77.9g",https://m.momoshop.com.tw/search.momo?curPage=1&searchKeyword=cheetos 辣,515,https://www.tw.coupang.com/products/Cheetos-%E5%A5%87%E5%A4%9A-%E7%8E%89%E7%B1%B3%E6%A3%92-%E9%A6%99%E8%BE%A3%E8%B5%B7%E5%8F%B8%E5%8F%A3%E5%91%B3-21001140995220?itemId=21002968009707&vendorItemId=21070956438945&sourceType=search&rank=1&searchId=a974fb5b4901483ea2f667ef26ceab8a&q=cheetos%20%E8%BE%A3,$228,cheetos 辣,x,否,"在商品名称【美式卖场】Cheetos奇多 火辣起司口味玉米棒(35.4G*13小包/箱)中，可以辨认出以下关键词：

1. **美式卖场**：指的是一种以美国风格为主题的零售商店，通常提供多种商品，包括食品、饮料、家居用品等。

2. **Cheetos**：这是一个知名的零食品牌，主要以其玉米制成的脆饼干而闻名，通常有多种口味。

3. **奇多**：是Cheetos在某些地区的品牌名称，指代同样的产品。

4. **火辣起司口味**：这是该产品的具体口味，结合了“火辣”（通常指辛辣或带有辣味的）和“起司”（奶酪的味道），表明这款玉米棒具有辛辣和奶酪的风味。

5. **玉米棒**：指的是用玉米制成的零食，通常是脆脆的棒状形态，适合当作小吃或零食。

6. **35.4G**：这是每小包的净重，表示每包玉米棒的重量为35.4克。

7. **13小包/箱**：表示一个箱子里包含13个小包，方便消费者购买和分享。

8. **箱**：指的是包装形式，通常用于批量销售，便于存储和运输。

综上所述，这款商品是由Cheetos品牌生产的火辣起司口味的玉米棒，适合喜欢辛辣和奶酪风味的小吃爱好者，且以小包形式便于携带和分享。","在这个商品名称中，可以辨认出以下关键词：

1. **Cheetos 奇多**：这是品牌名称，Cheetos 是一个知名的零食品牌，奇多是其在中国市场的名称。

2. **玉米棒**：这是产品的类型，指的是用玉米制成的零食，通常是脆脆的棒状。

3. **香辣起司口味**：这是产品的口味描述，表示该玉米棒具有香辣和起司的风味。

4. **3包**：这是数量，表示该商品包含3包玉米棒。

5. **77.9g**：这是容量或重量，表示每包玉米棒的净重为77.9克。

综上所述，这个商品是Cheetos品牌的香辣起司口味玉米棒，包含3包，每包的重量为77.9克。",否
