商品名稱A,商品名稱B,商品網址A,價格A,商品網址B,價格B,搜尋詞,label
【PChome 24h購物】最新 ３磁頭+6國幣+永久保固+繁體中文 UFOTEC 3000A 點驗鈔機/點鈔機/數鈔機,【PChome 24h購物】最新 ３磁頭+6國幣+永久保固+繁體中文 UFOTEC 3000A 點驗鈔機/點鈔機/數鈔機,https://www.ruten.com.tw/item/show?22235209335556,2090,https://www.ruten.com.tw/item/show?22238360324173,2090,數鈔機,o
【PChome 24h購物】最新 ３磁頭+6國幣+永久保固+繁體中文 UFOTEC 3000A 點驗鈔機/點鈔機/數鈔機,【PChome 24h購物】最新 5磁頭+永久保固+分鈔+選版+面額顯示+金額加總 點驗鈔機/點鈔機/數鈔機,https://www.ruten.com.tw/item/show?22235209335556,2090,https://www.ruten.com.tw/item/show?22238360342241,4980,數鈔機,x
【PChome 24h購物】最新 ３磁頭+6國幣+永久保固+繁體中文 UFOTEC 3000A 點驗鈔機/點鈔機/數鈔機,【PChome 24h購物】最新 ３磁頭+6國幣+永久保固+繁體中文 UFOTEC 3200A 點驗鈔機/點鈔機/數鈔機,https://www.ruten.com.tw/item/show?22235209335556,2090,https://www.ruten.com.tw/item/show?22238360341802,2220,數鈔機,x
【PChome 24h購物】最新 ３磁頭+6國幣+永久保固+繁體中文 UFOTEC 3000A 點驗鈔機/點鈔機/數鈔機,【PChome 24h購物】最新 ３磁頭+6國幣+永久保固+繁體中文 UFOTEC 3200W 點驗鈔機/點鈔機/數鈔機,https://www.ruten.com.tw/item/show?22235209335556,2090,https://www.ruten.com.tw/item/show?22238360324117,2220,數鈔機,x
【PChome 24h購物】最新 ３磁頭+6國幣+永久保固+繁體中文 UFOTEC 3000A 點驗鈔機/點鈔機/數鈔機,【PChome 24h購物】最新 5磁頭+永久保固+分鈔+選版+面額顯示+金額加總 點驗鈔機/點鈔機/數鈔機,https://www.ruten.com.tw/item/show?22235209335556,2090,https://www.ruten.com.tw/item/show?22238360342241,4980,數鈔機,x
【PChome 24h購物】最新 ３磁頭+6國幣+永久保固+繁體中文 UFOTEC 3000A 點驗鈔機/點鈔機/數鈔機,【PChome 24h購物】UFOTEC 3100A 黃金財神 雙旋轉螢幕 點驗鈔機 3磁頭+6國幣+永久保固 點鈔機/數鈔機,https://www.ruten.com.tw/item/show?22235209335556,2090,https://www.ruten.com.tw/item/show?22351434985422,2580,數鈔機,x
【PChome 24h購物】最新 ３磁頭+6國幣+永久保固+繁體中文 UFOTEC 3000A 點驗鈔機/點鈔機/數鈔機,【PChome 24h購物】UFOTEC 2900A 最新最小最輕 旋轉液晶螢幕 點驗鈔機 3磁頭+6國幣+永久保固 UFOTEC 點鈔機/數鈔機,https://www.ruten.com.tw/item/show?22235209335556,2090,https://www.ruten.com.tw/item/show?22329251162779,1999,數鈔機,x
【PChome 24h購物】最新 ３磁頭+6國幣+永久保固+繁體中文 UFOTEC 3000A 點驗鈔機/點鈔機/數鈔機,【PChome 24h購物】UFOTEC 2700A 最新最小最輕 點驗鈔機 3磁頭+6國幣+永久保固 點鈔機/數鈔機,https://www.ruten.com.tw/item/show?22235209335556,2090,https://www.ruten.com.tw/item/show?22329251469814,1860,數鈔機,x
【PChome 24h購物】最新 ３磁頭+6國幣+永久保固+繁體中文 UFOTEC 3000A 點驗鈔機/點鈔機/數鈔機,【PChome 24h購物】UFOTEC 2600A 最新最小最輕 雙旋轉螢幕 點驗鈔機 3磁頭+6國幣+永久保固 點鈔機/數鈔機,https://www.ruten.com.tw/item/show?22235209335556,2090,https://www.ruten.com.tw/item/show?22350354901633,1820,數鈔機,x
【PChome 24h購物】最新 ３磁頭+6國幣+永久保固+繁體中文 UFOTEC 3000A 點驗鈔機/點鈔機/數鈔機,【PChome 24h購物】本年度 最新最小最輕 旋轉液晶雙螢幕 點驗鈔機 3磁頭+6國幣+永久保固 UFOTEC 點鈔機/數鈔機,https://www.ruten.com.tw/item/show?22235209335556,2090,https://www.ruten.com.tw/item/show?22235209338852,2190,數鈔機,x
【PChome 24h購物】最新 ３磁頭+6國幣+永久保固+繁體中文 UFOTEC 3000A 點驗鈔機/點鈔機/數鈔機,【PChome 24h購物】最新 免插電 行動點驗鈔機(充電攜帶) UFOTEC OK1000 永久保固 點鈔機/數鈔機,https://www.ruten.com.tw/item/show?22235209335556,2090,https://www.ruten.com.tw/item/show?22235209335545,3660,數鈔機,x
【PChome 24h購物】最新 ３磁頭+6國幣+永久保固+繁體中文 UFOTEC 3000A 點驗鈔機/點鈔機/數鈔機,【PChome 24h購物】本年度 最新最小最輕 旋轉液晶雙螢幕 點驗鈔機 3磁頭+6國幣+永久保固 UFOTEC 點鈔機/數鈔機,https://www.ruten.com.tw/item/show?22235209335556,2090,https://www.ruten.com.tw/item/show?22235209338852,2190,數鈔機,x
【PChome 24h購物】最新 ３磁頭+6國幣+永久保固+繁體中文 UFOTEC 3000A 點驗鈔機/點鈔機/數鈔機,【現貨免運】外幣點鈔機V30帶白光紫光UV驗鈔 適配器電池迷你小型手持數鈔機,https://www.ruten.com.tw/item/show?22235209335556,2090,https://www.ruten.com.tw/item/show?22346147455384,1638,數鈔機,x
【PChome 24h購物】最新 ３磁頭+6國幣+永久保固+繁體中文 UFOTEC 3000A 點驗鈔機/點鈔機/數鈔機,【PChome 24h購物】免插電 多國貨幣 攜帶款 點驗鈔機/點鈔機/數鈔機 永久原廠保固,https://www.ruten.com.tw/item/show?22235209335556,2090,https://www.ruten.com.tw/item/show?22245648790885,3490,數鈔機,x
【PChome 24h購物】最新 5磁頭+永久保固+分鈔+選版+面額顯示+金額加總 點驗鈔機/點鈔機/數鈔機,【PChome 24h購物】最新 ３磁頭+6國幣+永久保固+繁體中文 UFOTEC 3000A 點驗鈔機/點鈔機/數鈔機,https://www.ruten.com.tw/item/show?22238360342027,4380,https://www.ruten.com.tw/item/show?22238360324173,2090,數鈔機,x
【PChome 24h購物】最新 5磁頭+永久保固+分鈔+選版+面額顯示+金額加總 點驗鈔機/點鈔機/數鈔機,【PChome 24h購物】最新 5磁頭+永久保固+分鈔+選版+面額顯示+金額加總 點驗鈔機/點鈔機/數鈔機,https://www.ruten.com.tw/item/show?22238360342027,4380,https://www.ruten.com.tw/item/show?22238360342241,4980,數鈔機,o
【PChome 24h購物】最新 5磁頭+永久保固+分鈔+選版+面額顯示+金額加總 點驗鈔機/點鈔機/數鈔機,【PChome 24h購物】最新 ３磁頭+6國幣+永久保固+繁體中文 UFOTEC 3200A 點驗鈔機/點鈔機/數鈔機,https://www.ruten.com.tw/item/show?22238360342027,4380,https://www.ruten.com.tw/item/show?22238360341802,2220,數鈔機,x
【PChome 24h購物】最新 5磁頭+永久保固+分鈔+選版+面額顯示+金額加總 點驗鈔機/點鈔機/數鈔機,【PChome 24h購物】最新 ３磁頭+6國幣+永久保固+繁體中文 UFOTEC 3200W 點驗鈔機/點鈔機/數鈔機,https://www.ruten.com.tw/item/show?22238360342027,4380,https://www.ruten.com.tw/item/show?22238360324117,2220,數鈔機,x
【PChome 24h購物】最新 5磁頭+永久保固+分鈔+選版+面額顯示+金額加總 點驗鈔機/點鈔機/數鈔機,【PChome 24h購物】最新 5磁頭+永久保固+分鈔+選版+面額顯示+金額加總 點驗鈔機/點鈔機/數鈔機,https://www.ruten.com.tw/item/show?22238360342027,4380,https://www.ruten.com.tw/item/show?22238360342241,4980,數鈔機,o
【PChome 24h購物】最新 5磁頭+永久保固+分鈔+選版+面額顯示+金額加總 點驗鈔機/點鈔機/數鈔機,【PChome 24h購物】UFOTEC 3100A 黃金財神 雙旋轉螢幕 點驗鈔機 3磁頭+6國幣+永久保固 點鈔機/數鈔機,https://www.ruten.com.tw/item/show?22238360342027,4380,https://www.ruten.com.tw/item/show?22351434985422,2580,數鈔機,x
【PChome 24h購物】最新 5磁頭+永久保固+分鈔+選版+面額顯示+金額加總 點驗鈔機/點鈔機/數鈔機,【PChome 24h購物】UFOTEC 2900A 最新最小最輕 旋轉液晶螢幕 點驗鈔機 3磁頭+6國幣+永久保固 UFOTEC 點鈔機/數鈔機,https://www.ruten.com.tw/item/show?22238360342027,4380,https://www.ruten.com.tw/item/show?22329251162779,1999,數鈔機,x
【PChome 24h購物】最新 5磁頭+永久保固+分鈔+選版+面額顯示+金額加總 點驗鈔機/點鈔機/數鈔機,【PChome 24h購物】UFOTEC 2700A 最新最小最輕 點驗鈔機 3磁頭+6國幣+永久保固 點鈔機/數鈔機,https://www.ruten.com.tw/item/show?22238360342027,4380,https://www.ruten.com.tw/item/show?22329251469814,1860,數鈔機,x
【PChome 24h購物】最新 5磁頭+永久保固+分鈔+選版+面額顯示+金額加總 點驗鈔機/點鈔機/數鈔機,【PChome 24h購物】UFOTEC 2600A 最新最小最輕 雙旋轉螢幕 點驗鈔機 3磁頭+6國幣+永久保固 點鈔機/數鈔機,https://www.ruten.com.tw/item/show?22238360342027,4380,https://www.ruten.com.tw/item/show?22350354901633,1820,數鈔機,x
【PChome 24h購物】最新 5磁頭+永久保固+分鈔+選版+面額顯示+金額加總 點驗鈔機/點鈔機/數鈔機,【PChome 24h購物】本年度 最新最小最輕 旋轉液晶雙螢幕 點驗鈔機 3磁頭+6國幣+永久保固 UFOTEC 點鈔機/數鈔機,https://www.ruten.com.tw/item/show?22238360342027,4380,https://www.ruten.com.tw/item/show?22235209338852,2190,數鈔機,x
【PChome 24h購物】最新 5磁頭+永久保固+分鈔+選版+面額顯示+金額加總 點驗鈔機/點鈔機/數鈔機,【PChome 24h購物】最新 免插電 行動點驗鈔機(充電攜帶) UFOTEC OK1000 永久保固 點鈔機/數鈔機,https://www.ruten.com.tw/item/show?22238360342027,4380,https://www.ruten.com.tw/item/show?22235209335545,3660,數鈔機,x
【PChome 24h購物】最新 5磁頭+永久保固+分鈔+選版+面額顯示+金額加總 點驗鈔機/點鈔機/數鈔機,【PChome 24h購物】本年度 最新最小最輕 旋轉液晶雙螢幕 點驗鈔機 3磁頭+6國幣+永久保固 UFOTEC 點鈔機/數鈔機,https://www.ruten.com.tw/item/show?22238360342027,4380,https://www.ruten.com.tw/item/show?22235209338852,2190,數鈔機,x
【PChome 24h購物】最新 5磁頭+永久保固+分鈔+選版+面額顯示+金額加總 點驗鈔機/點鈔機/數鈔機,【現貨免運】外幣點鈔機V30帶白光紫光UV驗鈔 適配器電池迷你小型手持數鈔機,https://www.ruten.com.tw/item/show?22238360342027,4380,https://www.ruten.com.tw/item/show?22346147455384,1638,數鈔機,x
【PChome 24h購物】最新 5磁頭+永久保固+分鈔+選版+面額顯示+金額加總 點驗鈔機/點鈔機/數鈔機,【PChome 24h購物】免插電 多國貨幣 攜帶款 點驗鈔機/點鈔機/數鈔機 永久原廠保固,https://www.ruten.com.tw/item/show?22238360342027,4380,https://www.ruten.com.tw/item/show?22245648790885,3490,數鈔機,x
【PChome 24h購物】最新 ３磁頭+6國幣+永久保固+繁體中文 UFOTEC 3200A 點驗鈔機/點鈔機/數鈔機,【PChome 24h購物】最新 ３磁頭+6國幣+永久保固+繁體中文 UFOTEC 3000A 點驗鈔機/點鈔機/數鈔機,https://www.ruten.com.tw/item/show?22235209335455,2220,https://www.ruten.com.tw/item/show?22238360324173,2090,數鈔機,x
【PChome 24h購物】最新 ３磁頭+6國幣+永久保固+繁體中文 UFOTEC 3200A 點驗鈔機/點鈔機/數鈔機,【PChome 24h購物】最新 5磁頭+永久保固+分鈔+選版+面額顯示+金額加總 點驗鈔機/點鈔機/數鈔機,https://www.ruten.com.tw/item/show?22235209335455,2220,https://www.ruten.com.tw/item/show?22238360342241,4980,數鈔機,x
【PChome 24h購物】最新 ３磁頭+6國幣+永久保固+繁體中文 UFOTEC 3200A 點驗鈔機/點鈔機/數鈔機,【PChome 24h購物】最新 ３磁頭+6國幣+永久保固+繁體中文 UFOTEC 3200A 點驗鈔機/點鈔機/數鈔機,https://www.ruten.com.tw/item/show?22235209335455,2220,https://www.ruten.com.tw/item/show?22238360341802,2220,數鈔機,o
【PChome 24h購物】最新 ３磁頭+6國幣+永久保固+繁體中文 UFOTEC 3200A 點驗鈔機/點鈔機/數鈔機,【PChome 24h購物】最新 ３磁頭+6國幣+永久保固+繁體中文 UFOTEC 3200W 點驗鈔機/點鈔機/數鈔機,https://www.ruten.com.tw/item/show?22235209335455,2220,https://www.ruten.com.tw/item/show?22238360324117,2220,數鈔機,x
【PChome 24h購物】最新 ３磁頭+6國幣+永久保固+繁體中文 UFOTEC 3200A 點驗鈔機/點鈔機/數鈔機,【PChome 24h購物】最新 5磁頭+永久保固+分鈔+選版+面額顯示+金額加總 點驗鈔機/點鈔機/數鈔機,https://www.ruten.com.tw/item/show?22235209335455,2220,https://www.ruten.com.tw/item/show?22238360342241,4980,數鈔機,x
【PChome 24h購物】最新 ３磁頭+6國幣+永久保固+繁體中文 UFOTEC 3200A 點驗鈔機/點鈔機/數鈔機,【PChome 24h購物】UFOTEC 3100A 黃金財神 雙旋轉螢幕 點驗鈔機 3磁頭+6國幣+永久保固 點鈔機/數鈔機,https://www.ruten.com.tw/item/show?22235209335455,2220,https://www.ruten.com.tw/item/show?22351434985422,2580,數鈔機,x
【PChome 24h購物】最新 ３磁頭+6國幣+永久保固+繁體中文 UFOTEC 3200A 點驗鈔機/點鈔機/數鈔機,【PChome 24h購物】UFOTEC 2900A 最新最小最輕 旋轉液晶螢幕 點驗鈔機 3磁頭+6國幣+永久保固 UFOTEC 點鈔機/數鈔機,https://www.ruten.com.tw/item/show?22235209335455,2220,https://www.ruten.com.tw/item/show?22329251162779,1999,數鈔機,x
【PChome 24h購物】最新 ３磁頭+6國幣+永久保固+繁體中文 UFOTEC 3200A 點驗鈔機/點鈔機/數鈔機,【PChome 24h購物】UFOTEC 2700A 最新最小最輕 點驗鈔機 3磁頭+6國幣+永久保固 點鈔機/數鈔機,https://www.ruten.com.tw/item/show?22235209335455,2220,https://www.ruten.com.tw/item/show?22329251469814,1860,數鈔機,x
【PChome 24h購物】最新 ３磁頭+6國幣+永久保固+繁體中文 UFOTEC 3200A 點驗鈔機/點鈔機/數鈔機,【PChome 24h購物】UFOTEC 2600A 最新最小最輕 雙旋轉螢幕 點驗鈔機 3磁頭+6國幣+永久保固 點鈔機/數鈔機,https://www.ruten.com.tw/item/show?22235209335455,2220,https://www.ruten.com.tw/item/show?22350354901633,1820,數鈔機,x
【PChome 24h購物】最新 ３磁頭+6國幣+永久保固+繁體中文 UFOTEC 3200A 點驗鈔機/點鈔機/數鈔機,【PChome 24h購物】本年度 最新最小最輕 旋轉液晶雙螢幕 點驗鈔機 3磁頭+6國幣+永久保固 UFOTEC 點鈔機/數鈔機,https://www.ruten.com.tw/item/show?22235209335455,2220,https://www.ruten.com.tw/item/show?22235209338852,2190,數鈔機,x
【PChome 24h購物】最新 ３磁頭+6國幣+永久保固+繁體中文 UFOTEC 3200A 點驗鈔機/點鈔機/數鈔機,【PChome 24h購物】最新 免插電 行動點驗鈔機(充電攜帶) UFOTEC OK1000 永久保固 點鈔機/數鈔機,https://www.ruten.com.tw/item/show?22235209335455,2220,https://www.ruten.com.tw/item/show?22235209335545,3660,數鈔機,x
【PChome 24h購物】最新 ３磁頭+6國幣+永久保固+繁體中文 UFOTEC 3200A 點驗鈔機/點鈔機/數鈔機,【PChome 24h購物】本年度 最新最小最輕 旋轉液晶雙螢幕 點驗鈔機 3磁頭+6國幣+永久保固 UFOTEC 點鈔機/數鈔機,https://www.ruten.com.tw/item/show?22235209335455,2220,https://www.ruten.com.tw/item/show?22235209338852,2190,數鈔機,x
【PChome 24h購物】最新 ３磁頭+6國幣+永久保固+繁體中文 UFOTEC 3200A 點驗鈔機/點鈔機/數鈔機,【現貨免運】外幣點鈔機V30帶白光紫光UV驗鈔 適配器電池迷你小型手持數鈔機,https://www.ruten.com.tw/item/show?22235209335455,2220,https://www.ruten.com.tw/item/show?22346147455384,1638,數鈔機,x
【PChome 24h購物】最新 ３磁頭+6國幣+永久保固+繁體中文 UFOTEC 3200A 點驗鈔機/點鈔機/數鈔機,【PChome 24h購物】免插電 多國貨幣 攜帶款 點驗鈔機/點鈔機/數鈔機 永久原廠保固,https://www.ruten.com.tw/item/show?22235209335455,2220,https://www.ruten.com.tw/item/show?22245648790885,3490,數鈔機,x
【PChome 24h購物】最新 ３磁頭+6國幣+永久保固+繁體中文 UFOTEC 3200W 點驗鈔機/點鈔機/數鈔機,【PChome 24h購物】最新 ３磁頭+6國幣+永久保固+繁體中文 UFOTEC 3000A 點驗鈔機/點鈔機/數鈔機,https://www.ruten.com.tw/item/show?22235209338964,2220,https://www.ruten.com.tw/item/show?22238360324173,2090,數鈔機,x
【PChome 24h購物】最新 ３磁頭+6國幣+永久保固+繁體中文 UFOTEC 3200W 點驗鈔機/點鈔機/數鈔機,【PChome 24h購物】最新 5磁頭+永久保固+分鈔+選版+面額顯示+金額加總 點驗鈔機/點鈔機/數鈔機,https://www.ruten.com.tw/item/show?22235209338964,2220,https://www.ruten.com.tw/item/show?22238360342241,4980,數鈔機,x
【PChome 24h購物】最新 ３磁頭+6國幣+永久保固+繁體中文 UFOTEC 3200W 點驗鈔機/點鈔機/數鈔機,【PChome 24h購物】最新 ３磁頭+6國幣+永久保固+繁體中文 UFOTEC 3200A 點驗鈔機/點鈔機/數鈔機,https://www.ruten.com.tw/item/show?22235209338964,2220,https://www.ruten.com.tw/item/show?22238360341802,2220,數鈔機,x
【PChome 24h購物】最新 ３磁頭+6國幣+永久保固+繁體中文 UFOTEC 3200W 點驗鈔機/點鈔機/數鈔機,【PChome 24h購物】最新 ３磁頭+6國幣+永久保固+繁體中文 UFOTEC 3200W 點驗鈔機/點鈔機/數鈔機,https://www.ruten.com.tw/item/show?22235209338964,2220,https://www.ruten.com.tw/item/show?22238360324117,2220,數鈔機,o
【PChome 24h購物】最新 ３磁頭+6國幣+永久保固+繁體中文 UFOTEC 3200W 點驗鈔機/點鈔機/數鈔機,【PChome 24h購物】最新 5磁頭+永久保固+分鈔+選版+面額顯示+金額加總 點驗鈔機/點鈔機/數鈔機,https://www.ruten.com.tw/item/show?22235209338964,2220,https://www.ruten.com.tw/item/show?22238360342241,4980,數鈔機,x
【PChome 24h購物】最新 ３磁頭+6國幣+永久保固+繁體中文 UFOTEC 3200W 點驗鈔機/點鈔機/數鈔機,【PChome 24h購物】UFOTEC 3100A 黃金財神 雙旋轉螢幕 點驗鈔機 3磁頭+6國幣+永久保固 點鈔機/數鈔機,https://www.ruten.com.tw/item/show?22235209338964,2220,https://www.ruten.com.tw/item/show?22351434985422,2580,數鈔機,x
【PChome 24h購物】最新 ３磁頭+6國幣+永久保固+繁體中文 UFOTEC 3200W 點驗鈔機/點鈔機/數鈔機,【PChome 24h購物】UFOTEC 2900A 最新最小最輕 旋轉液晶螢幕 點驗鈔機 3磁頭+6國幣+永久保固 UFOTEC 點鈔機/數鈔機,https://www.ruten.com.tw/item/show?22235209338964,2220,https://www.ruten.com.tw/item/show?22329251162779,1999,數鈔機,x
【PChome 24h購物】最新 ３磁頭+6國幣+永久保固+繁體中文 UFOTEC 3200W 點驗鈔機/點鈔機/數鈔機,【PChome 24h購物】UFOTEC 2700A 最新最小最輕 點驗鈔機 3磁頭+6國幣+永久保固 點鈔機/數鈔機,https://www.ruten.com.tw/item/show?22235209338964,2220,https://www.ruten.com.tw/item/show?22329251469814,1860,數鈔機,x
【PChome 24h購物】最新 ３磁頭+6國幣+永久保固+繁體中文 UFOTEC 3200W 點驗鈔機/點鈔機/數鈔機,【PChome 24h購物】UFOTEC 2600A 最新最小最輕 雙旋轉螢幕 點驗鈔機 3磁頭+6國幣+永久保固 點鈔機/數鈔機,https://www.ruten.com.tw/item/show?22235209338964,2220,https://www.ruten.com.tw/item/show?22350354901633,1820,數鈔機,x
【PChome 24h購物】最新 ３磁頭+6國幣+永久保固+繁體中文 UFOTEC 3200W 點驗鈔機/點鈔機/數鈔機,【PChome 24h購物】本年度 最新最小最輕 旋轉液晶雙螢幕 點驗鈔機 3磁頭+6國幣+永久保固 UFOTEC 點鈔機/數鈔機,https://www.ruten.com.tw/item/show?22235209338964,2220,https://www.ruten.com.tw/item/show?22235209338852,2190,數鈔機,x
【PChome 24h購物】最新 ３磁頭+6國幣+永久保固+繁體中文 UFOTEC 3200W 點驗鈔機/點鈔機/數鈔機,【PChome 24h購物】最新 免插電 行動點驗鈔機(充電攜帶) UFOTEC OK1000 永久保固 點鈔機/數鈔機,https://www.ruten.com.tw/item/show?22235209338964,2220,https://www.ruten.com.tw/item/show?22235209335545,3660,數鈔機,x
【PChome 24h購物】最新 ３磁頭+6國幣+永久保固+繁體中文 UFOTEC 3200W 點驗鈔機/點鈔機/數鈔機,【PChome 24h購物】本年度 最新最小最輕 旋轉液晶雙螢幕 點驗鈔機 3磁頭+6國幣+永久保固 UFOTEC 點鈔機/數鈔機,https://www.ruten.com.tw/item/show?22235209338964,2220,https://www.ruten.com.tw/item/show?22235209338852,2190,數鈔機,x
【PChome 24h購物】最新 ３磁頭+6國幣+永久保固+繁體中文 UFOTEC 3200W 點驗鈔機/點鈔機/數鈔機,【現貨免運】外幣點鈔機V30帶白光紫光UV驗鈔 適配器電池迷你小型手持數鈔機,https://www.ruten.com.tw/item/show?22235209338964,2220,https://www.ruten.com.tw/item/show?22346147455384,1638,數鈔機,x
【PChome 24h購物】最新 ３磁頭+6國幣+永久保固+繁體中文 UFOTEC 3200W 點驗鈔機/點鈔機/數鈔機,【PChome 24h購物】免插電 多國貨幣 攜帶款 點驗鈔機/點鈔機/數鈔機 永久原廠保固,https://www.ruten.com.tw/item/show?22235209338964,2220,https://www.ruten.com.tw/item/show?22245648790885,3490,數鈔機,x
【PChome 24h購物】最新 5磁頭+永久保固+分鈔+選版+面額顯示+金額加總 點驗鈔機/點鈔機/數鈔機,【PChome 24h購物】最新 ３磁頭+6國幣+永久保固+繁體中文 UFOTEC 3000A 點驗鈔機/點鈔機/數鈔機,https://www.ruten.com.tw/item/show?22238360342027,4380,https://www.ruten.com.tw/item/show?22238360324173,2090,數鈔機,x
【PChome 24h購物】最新 5磁頭+永久保固+分鈔+選版+面額顯示+金額加總 點驗鈔機/點鈔機/數鈔機,【PChome 24h購物】最新 5磁頭+永久保固+分鈔+選版+面額顯示+金額加總 點驗鈔機/點鈔機/數鈔機,https://www.ruten.com.tw/item/show?22238360342027,4380,https://www.ruten.com.tw/item/show?22238360342241,4980,數鈔機,o
【PChome 24h購物】最新 5磁頭+永久保固+分鈔+選版+面額顯示+金額加總 點驗鈔機/點鈔機/數鈔機,【PChome 24h購物】最新 ３磁頭+6國幣+永久保固+繁體中文 UFOTEC 3200A 點驗鈔機/點鈔機/數鈔機,https://www.ruten.com.tw/item/show?22238360342027,4380,https://www.ruten.com.tw/item/show?22238360341802,2220,數鈔機,x
【PChome 24h購物】最新 5磁頭+永久保固+分鈔+選版+面額顯示+金額加總 點驗鈔機/點鈔機/數鈔機,【PChome 24h購物】最新 ３磁頭+6國幣+永久保固+繁體中文 UFOTEC 3200W 點驗鈔機/點鈔機/數鈔機,https://www.ruten.com.tw/item/show?22238360342027,4380,https://www.ruten.com.tw/item/show?22238360324117,2220,數鈔機,x
【PChome 24h購物】最新 5磁頭+永久保固+分鈔+選版+面額顯示+金額加總 點驗鈔機/點鈔機/數鈔機,【PChome 24h購物】最新 5磁頭+永久保固+分鈔+選版+面額顯示+金額加總 點驗鈔機/點鈔機/數鈔機,https://www.ruten.com.tw/item/show?22238360342027,4380,https://www.ruten.com.tw/item/show?22238360342241,4980,數鈔機,o
【PChome 24h購物】最新 5磁頭+永久保固+分鈔+選版+面額顯示+金額加總 點驗鈔機/點鈔機/數鈔機,【PChome 24h購物】UFOTEC 3100A 黃金財神 雙旋轉螢幕 點驗鈔機 3磁頭+6國幣+永久保固 點鈔機/數鈔機,https://www.ruten.com.tw/item/show?22238360342027,4380,https://www.ruten.com.tw/item/show?22351434985422,2580,數鈔機,x
【PChome 24h購物】最新 5磁頭+永久保固+分鈔+選版+面額顯示+金額加總 點驗鈔機/點鈔機/數鈔機,【PChome 24h購物】UFOTEC 2900A 最新最小最輕 旋轉液晶螢幕 點驗鈔機 3磁頭+6國幣+永久保固 UFOTEC 點鈔機/數鈔機,https://www.ruten.com.tw/item/show?22238360342027,4380,https://www.ruten.com.tw/item/show?22329251162779,1999,數鈔機,x
【PChome 24h購物】最新 5磁頭+永久保固+分鈔+選版+面額顯示+金額加總 點驗鈔機/點鈔機/數鈔機,【PChome 24h購物】UFOTEC 2700A 最新最小最輕 點驗鈔機 3磁頭+6國幣+永久保固 點鈔機/數鈔機,https://www.ruten.com.tw/item/show?22238360342027,4380,https://www.ruten.com.tw/item/show?22329251469814,1860,數鈔機,x
【PChome 24h購物】最新 5磁頭+永久保固+分鈔+選版+面額顯示+金額加總 點驗鈔機/點鈔機/數鈔機,【PChome 24h購物】UFOTEC 2600A 最新最小最輕 雙旋轉螢幕 點驗鈔機 3磁頭+6國幣+永久保固 點鈔機/數鈔機,https://www.ruten.com.tw/item/show?22238360342027,4380,https://www.ruten.com.tw/item/show?22350354901633,1820,數鈔機,x
【PChome 24h購物】最新 5磁頭+永久保固+分鈔+選版+面額顯示+金額加總 點驗鈔機/點鈔機/數鈔機,【PChome 24h購物】本年度 最新最小最輕 旋轉液晶雙螢幕 點驗鈔機 3磁頭+6國幣+永久保固 UFOTEC 點鈔機/數鈔機,https://www.ruten.com.tw/item/show?22238360342027,4380,https://www.ruten.com.tw/item/show?22235209338852,2190,數鈔機,x
【PChome 24h購物】最新 5磁頭+永久保固+分鈔+選版+面額顯示+金額加總 點驗鈔機/點鈔機/數鈔機,【PChome 24h購物】最新 免插電 行動點驗鈔機(充電攜帶) UFOTEC OK1000 永久保固 點鈔機/數鈔機,https://www.ruten.com.tw/item/show?22238360342027,4380,https://www.ruten.com.tw/item/show?22235209335545,3660,數鈔機,x
【PChome 24h購物】最新 5磁頭+永久保固+分鈔+選版+面額顯示+金額加總 點驗鈔機/點鈔機/數鈔機,【PChome 24h購物】本年度 最新最小最輕 旋轉液晶雙螢幕 點驗鈔機 3磁頭+6國幣+永久保固 UFOTEC 點鈔機/數鈔機,https://www.ruten.com.tw/item/show?22238360342027,4380,https://www.ruten.com.tw/item/show?22235209338852,2190,數鈔機,x
【PChome 24h購物】最新 5磁頭+永久保固+分鈔+選版+面額顯示+金額加總 點驗鈔機/點鈔機/數鈔機,【現貨免運】外幣點鈔機V30帶白光紫光UV驗鈔 適配器電池迷你小型手持數鈔機,https://www.ruten.com.tw/item/show?22238360342027,4380,https://www.ruten.com.tw/item/show?22346147455384,1638,數鈔機,x
【PChome 24h購物】最新 5磁頭+永久保固+分鈔+選版+面額顯示+金額加總 點驗鈔機/點鈔機/數鈔機,【PChome 24h購物】免插電 多國貨幣 攜帶款 點驗鈔機/點鈔機/數鈔機 永久原廠保固,https://www.ruten.com.tw/item/show?22238360342027,4380,https://www.ruten.com.tw/item/show?22245648790885,3490,數鈔機,x
【PChome 24h購物】UFOTEC 3100A 黃金財神 雙旋轉螢幕 點驗鈔機 3磁頭+6國幣+永久保固 點鈔機/數鈔機,【PChome 24h購物】最新 ３磁頭+6國幣+永久保固+繁體中文 UFOTEC 3000A 點驗鈔機/點鈔機/數鈔機,https://www.ruten.com.tw/item/show?22351433779118,2580,https://www.ruten.com.tw/item/show?22238360324173,2090,數鈔機,x
【PChome 24h購物】UFOTEC 3100A 黃金財神 雙旋轉螢幕 點驗鈔機 3磁頭+6國幣+永久保固 點鈔機/數鈔機,【PChome 24h購物】最新 5磁頭+永久保固+分鈔+選版+面額顯示+金額加總 點驗鈔機/點鈔機/數鈔機,https://www.ruten.com.tw/item/show?22351433779118,2580,https://www.ruten.com.tw/item/show?22238360342241,4980,數鈔機,x
【PChome 24h購物】UFOTEC 3100A 黃金財神 雙旋轉螢幕 點驗鈔機 3磁頭+6國幣+永久保固 點鈔機/數鈔機,【PChome 24h購物】最新 ３磁頭+6國幣+永久保固+繁體中文 UFOTEC 3200A 點驗鈔機/點鈔機/數鈔機,https://www.ruten.com.tw/item/show?22351433779118,2580,https://www.ruten.com.tw/item/show?22238360341802,2220,數鈔機,x
【PChome 24h購物】UFOTEC 3100A 黃金財神 雙旋轉螢幕 點驗鈔機 3磁頭+6國幣+永久保固 點鈔機/數鈔機,【PChome 24h購物】最新 ３磁頭+6國幣+永久保固+繁體中文 UFOTEC 3200W 點驗鈔機/點鈔機/數鈔機,https://www.ruten.com.tw/item/show?22351433779118,2580,https://www.ruten.com.tw/item/show?22238360324117,2220,數鈔機,x
【PChome 24h購物】UFOTEC 3100A 黃金財神 雙旋轉螢幕 點驗鈔機 3磁頭+6國幣+永久保固 點鈔機/數鈔機,【PChome 24h購物】最新 5磁頭+永久保固+分鈔+選版+面額顯示+金額加總 點驗鈔機/點鈔機/數鈔機,https://www.ruten.com.tw/item/show?22351433779118,2580,https://www.ruten.com.tw/item/show?22238360342241,4980,數鈔機,x
【PChome 24h購物】UFOTEC 3100A 黃金財神 雙旋轉螢幕 點驗鈔機 3磁頭+6國幣+永久保固 點鈔機/數鈔機,【PChome 24h購物】UFOTEC 3100A 黃金財神 雙旋轉螢幕 點驗鈔機 3磁頭+6國幣+永久保固 點鈔機/數鈔機,https://www.ruten.com.tw/item/show?22351433779118,2580,https://www.ruten.com.tw/item/show?22351434985422,2580,數鈔機,o
【PChome 24h購物】UFOTEC 3100A 黃金財神 雙旋轉螢幕 點驗鈔機 3磁頭+6國幣+永久保固 點鈔機/數鈔機,【PChome 24h購物】UFOTEC 2900A 最新最小最輕 旋轉液晶螢幕 點驗鈔機 3磁頭+6國幣+永久保固 UFOTEC 點鈔機/數鈔機,https://www.ruten.com.tw/item/show?22351433779118,2580,https://www.ruten.com.tw/item/show?22329251162779,1999,數鈔機,x
【PChome 24h購物】UFOTEC 3100A 黃金財神 雙旋轉螢幕 點驗鈔機 3磁頭+6國幣+永久保固 點鈔機/數鈔機,【PChome 24h購物】UFOTEC 2700A 最新最小最輕 點驗鈔機 3磁頭+6國幣+永久保固 點鈔機/數鈔機,https://www.ruten.com.tw/item/show?22351433779118,2580,https://www.ruten.com.tw/item/show?22329251469814,1860,數鈔機,x
【PChome 24h購物】UFOTEC 3100A 黃金財神 雙旋轉螢幕 點驗鈔機 3磁頭+6國幣+永久保固 點鈔機/數鈔機,【PChome 24h購物】UFOTEC 2600A 最新最小最輕 雙旋轉螢幕 點驗鈔機 3磁頭+6國幣+永久保固 點鈔機/數鈔機,https://www.ruten.com.tw/item/show?22351433779118,2580,https://www.ruten.com.tw/item/show?22350354901633,1820,數鈔機,x
【PChome 24h購物】UFOTEC 3100A 黃金財神 雙旋轉螢幕 點驗鈔機 3磁頭+6國幣+永久保固 點鈔機/數鈔機,【PChome 24h購物】本年度 最新最小最輕 旋轉液晶雙螢幕 點驗鈔機 3磁頭+6國幣+永久保固 UFOTEC 點鈔機/數鈔機,https://www.ruten.com.tw/item/show?22351433779118,2580,https://www.ruten.com.tw/item/show?22235209338852,2190,數鈔機,x
【PChome 24h購物】UFOTEC 3100A 黃金財神 雙旋轉螢幕 點驗鈔機 3磁頭+6國幣+永久保固 點鈔機/數鈔機,【PChome 24h購物】最新 免插電 行動點驗鈔機(充電攜帶) UFOTEC OK1000 永久保固 點鈔機/數鈔機,https://www.ruten.com.tw/item/show?22351433779118,2580,https://www.ruten.com.tw/item/show?22235209335545,3660,數鈔機,x
【PChome 24h購物】UFOTEC 3100A 黃金財神 雙旋轉螢幕 點驗鈔機 3磁頭+6國幣+永久保固 點鈔機/數鈔機,【PChome 24h購物】本年度 最新最小最輕 旋轉液晶雙螢幕 點驗鈔機 3磁頭+6國幣+永久保固 UFOTEC 點鈔機/數鈔機,https://www.ruten.com.tw/item/show?22351433779118,2580,https://www.ruten.com.tw/item/show?22235209338852,2190,數鈔機,x
【PChome 24h購物】UFOTEC 3100A 黃金財神 雙旋轉螢幕 點驗鈔機 3磁頭+6國幣+永久保固 點鈔機/數鈔機,【現貨免運】外幣點鈔機V30帶白光紫光UV驗鈔 適配器電池迷你小型手持數鈔機,https://www.ruten.com.tw/item/show?22351433779118,2580,https://www.ruten.com.tw/item/show?22346147455384,1638,數鈔機,x
【PChome 24h購物】UFOTEC 3100A 黃金財神 雙旋轉螢幕 點驗鈔機 3磁頭+6國幣+永久保固 點鈔機/數鈔機,【PChome 24h購物】免插電 多國貨幣 攜帶款 點驗鈔機/點鈔機/數鈔機 永久原廠保固,https://www.ruten.com.tw/item/show?22351433779118,2580,https://www.ruten.com.tw/item/show?22245648790885,3490,數鈔機,x
【PChome 24h購物】UFOTEC 2900A 最新最小最輕 旋轉液晶螢幕 點驗鈔機 3磁頭+6國幣+永久保固 UFOTEC 點鈔機/數鈔機,【PChome 24h購物】最新 ３磁頭+6國幣+永久保固+繁體中文 UFOTEC 3000A 點驗鈔機/點鈔機/數鈔機,https://www.ruten.com.tw/item/show?22329232490211,1999,https://www.ruten.com.tw/item/show?22238360324173,2090,數鈔機,x
【PChome 24h購物】UFOTEC 2900A 最新最小最輕 旋轉液晶螢幕 點驗鈔機 3磁頭+6國幣+永久保固 UFOTEC 點鈔機/數鈔機,【PChome 24h購物】最新 5磁頭+永久保固+分鈔+選版+面額顯示+金額加總 點驗鈔機/點鈔機/數鈔機,https://www.ruten.com.tw/item/show?22329232490211,1999,https://www.ruten.com.tw/item/show?22238360342241,4980,數鈔機,x
【PChome 24h購物】UFOTEC 2900A 最新最小最輕 旋轉液晶螢幕 點驗鈔機 3磁頭+6國幣+永久保固 UFOTEC 點鈔機/數鈔機,【PChome 24h購物】最新 ３磁頭+6國幣+永久保固+繁體中文 UFOTEC 3200A 點驗鈔機/點鈔機/數鈔機,https://www.ruten.com.tw/item/show?22329232490211,1999,https://www.ruten.com.tw/item/show?22238360341802,2220,數鈔機,x
【PChome 24h購物】UFOTEC 2900A 最新最小最輕 旋轉液晶螢幕 點驗鈔機 3磁頭+6國幣+永久保固 UFOTEC 點鈔機/數鈔機,【PChome 24h購物】最新 ３磁頭+6國幣+永久保固+繁體中文 UFOTEC 3200W 點驗鈔機/點鈔機/數鈔機,https://www.ruten.com.tw/item/show?22329232490211,1999,https://www.ruten.com.tw/item/show?22238360324117,2220,數鈔機,x
【PChome 24h購物】UFOTEC 2900A 最新最小最輕 旋轉液晶螢幕 點驗鈔機 3磁頭+6國幣+永久保固 UFOTEC 點鈔機/數鈔機,【PChome 24h購物】最新 5磁頭+永久保固+分鈔+選版+面額顯示+金額加總 點驗鈔機/點鈔機/數鈔機,https://www.ruten.com.tw/item/show?22329232490211,1999,https://www.ruten.com.tw/item/show?22238360342241,4980,數鈔機,x
【PChome 24h購物】UFOTEC 2900A 最新最小最輕 旋轉液晶螢幕 點驗鈔機 3磁頭+6國幣+永久保固 UFOTEC 點鈔機/數鈔機,【PChome 24h購物】UFOTEC 3100A 黃金財神 雙旋轉螢幕 點驗鈔機 3磁頭+6國幣+永久保固 點鈔機/數鈔機,https://www.ruten.com.tw/item/show?22329232490211,1999,https://www.ruten.com.tw/item/show?22351434985422,2580,數鈔機,x
【PChome 24h購物】UFOTEC 2900A 最新最小最輕 旋轉液晶螢幕 點驗鈔機 3磁頭+6國幣+永久保固 UFOTEC 點鈔機/數鈔機,【PChome 24h購物】UFOTEC 2900A 最新最小最輕 旋轉液晶螢幕 點驗鈔機 3磁頭+6國幣+永久保固 UFOTEC 點鈔機/數鈔機,https://www.ruten.com.tw/item/show?22329232490211,1999,https://www.ruten.com.tw/item/show?22329251162779,1999,數鈔機,o
【PChome 24h購物】UFOTEC 2900A 最新最小最輕 旋轉液晶螢幕 點驗鈔機 3磁頭+6國幣+永久保固 UFOTEC 點鈔機/數鈔機,【PChome 24h購物】UFOTEC 2700A 最新最小最輕 點驗鈔機 3磁頭+6國幣+永久保固 點鈔機/數鈔機,https://www.ruten.com.tw/item/show?22329232490211,1999,https://www.ruten.com.tw/item/show?22329251469814,1860,數鈔機,x
【PChome 24h購物】UFOTEC 2900A 最新最小最輕 旋轉液晶螢幕 點驗鈔機 3磁頭+6國幣+永久保固 UFOTEC 點鈔機/數鈔機,【PChome 24h購物】UFOTEC 2600A 最新最小最輕 雙旋轉螢幕 點驗鈔機 3磁頭+6國幣+永久保固 點鈔機/數鈔機,https://www.ruten.com.tw/item/show?22329232490211,1999,https://www.ruten.com.tw/item/show?22350354901633,1820,數鈔機,x
【PChome 24h購物】UFOTEC 2900A 最新最小最輕 旋轉液晶螢幕 點驗鈔機 3磁頭+6國幣+永久保固 UFOTEC 點鈔機/數鈔機,【PChome 24h購物】本年度 最新最小最輕 旋轉液晶雙螢幕 點驗鈔機 3磁頭+6國幣+永久保固 UFOTEC 點鈔機/數鈔機,https://www.ruten.com.tw/item/show?22329232490211,1999,https://www.ruten.com.tw/item/show?22235209338852,2190,數鈔機,x
【PChome 24h購物】UFOTEC 2900A 最新最小最輕 旋轉液晶螢幕 點驗鈔機 3磁頭+6國幣+永久保固 UFOTEC 點鈔機/數鈔機,【PChome 24h購物】最新 免插電 行動點驗鈔機(充電攜帶) UFOTEC OK1000 永久保固 點鈔機/數鈔機,https://www.ruten.com.tw/item/show?22329232490211,1999,https://www.ruten.com.tw/item/show?22235209335545,3660,數鈔機,x
【PChome 24h購物】UFOTEC 2900A 最新最小最輕 旋轉液晶螢幕 點驗鈔機 3磁頭+6國幣+永久保固 UFOTEC 點鈔機/數鈔機,【PChome 24h購物】本年度 最新最小最輕 旋轉液晶雙螢幕 點驗鈔機 3磁頭+6國幣+永久保固 UFOTEC 點鈔機/數鈔機,https://www.ruten.com.tw/item/show?22329232490211,1999,https://www.ruten.com.tw/item/show?22235209338852,2190,數鈔機,x
【PChome 24h購物】UFOTEC 2900A 最新最小最輕 旋轉液晶螢幕 點驗鈔機 3磁頭+6國幣+永久保固 UFOTEC 點鈔機/數鈔機,【現貨免運】外幣點鈔機V30帶白光紫光UV驗鈔 適配器電池迷你小型手持數鈔機,https://www.ruten.com.tw/item/show?22329232490211,1999,https://www.ruten.com.tw/item/show?22346147455384,1638,數鈔機,x
【PChome 24h購物】UFOTEC 2900A 最新最小最輕 旋轉液晶螢幕 點驗鈔機 3磁頭+6國幣+永久保固 UFOTEC 點鈔機/數鈔機,【PChome 24h購物】免插電 多國貨幣 攜帶款 點驗鈔機/點鈔機/數鈔機 永久原廠保固,https://www.ruten.com.tw/item/show?22329232490211,1999,https://www.ruten.com.tw/item/show?22245648790885,3490,數鈔機,x
【PChome 24h購物】UFOTEC 2700A 最新最小最輕 點驗鈔機 3磁頭+6國幣+永久保固 點鈔機/數鈔機,【PChome 24h購物】最新 ３磁頭+6國幣+永久保固+繁體中文 UFOTEC 3000A 點驗鈔機/點鈔機/數鈔機,https://www.ruten.com.tw/item/show?22329232488465,1860,https://www.ruten.com.tw/item/show?22238360324173,2090,數鈔機,x
【PChome 24h購物】UFOTEC 2700A 最新最小最輕 點驗鈔機 3磁頭+6國幣+永久保固 點鈔機/數鈔機,【PChome 24h購物】最新 5磁頭+永久保固+分鈔+選版+面額顯示+金額加總 點驗鈔機/點鈔機/數鈔機,https://www.ruten.com.tw/item/show?22329232488465,1860,https://www.ruten.com.tw/item/show?22238360342241,4980,數鈔機,x
【PChome 24h購物】UFOTEC 2700A 最新最小最輕 點驗鈔機 3磁頭+6國幣+永久保固 點鈔機/數鈔機,【PChome 24h購物】最新 ３磁頭+6國幣+永久保固+繁體中文 UFOTEC 3200A 點驗鈔機/點鈔機/數鈔機,https://www.ruten.com.tw/item/show?22329232488465,1860,https://www.ruten.com.tw/item/show?22238360341802,2220,數鈔機,x
【PChome 24h購物】UFOTEC 2700A 最新最小最輕 點驗鈔機 3磁頭+6國幣+永久保固 點鈔機/數鈔機,【PChome 24h購物】最新 ３磁頭+6國幣+永久保固+繁體中文 UFOTEC 3200W 點驗鈔機/點鈔機/數鈔機,https://www.ruten.com.tw/item/show?22329232488465,1860,https://www.ruten.com.tw/item/show?22238360324117,2220,數鈔機,x
【PChome 24h購物】UFOTEC 2700A 最新最小最輕 點驗鈔機 3磁頭+6國幣+永久保固 點鈔機/數鈔機,【PChome 24h購物】最新 5磁頭+永久保固+分鈔+選版+面額顯示+金額加總 點驗鈔機/點鈔機/數鈔機,https://www.ruten.com.tw/item/show?22329232488465,1860,https://www.ruten.com.tw/item/show?22238360342241,4980,數鈔機,x
【PChome 24h購物】UFOTEC 2700A 最新最小最輕 點驗鈔機 3磁頭+6國幣+永久保固 點鈔機/數鈔機,【PChome 24h購物】UFOTEC 3100A 黃金財神 雙旋轉螢幕 點驗鈔機 3磁頭+6國幣+永久保固 點鈔機/數鈔機,https://www.ruten.com.tw/item/show?22329232488465,1860,https://www.ruten.com.tw/item/show?22351434985422,2580,數鈔機,x
【PChome 24h購物】UFOTEC 2700A 最新最小最輕 點驗鈔機 3磁頭+6國幣+永久保固 點鈔機/數鈔機,【PChome 24h購物】UFOTEC 2900A 最新最小最輕 旋轉液晶螢幕 點驗鈔機 3磁頭+6國幣+永久保固 UFOTEC 點鈔機/數鈔機,https://www.ruten.com.tw/item/show?22329232488465,1860,https://www.ruten.com.tw/item/show?22329251162779,1999,數鈔機,x
【PChome 24h購物】UFOTEC 2700A 最新最小最輕 點驗鈔機 3磁頭+6國幣+永久保固 點鈔機/數鈔機,【PChome 24h購物】UFOTEC 2700A 最新最小最輕 點驗鈔機 3磁頭+6國幣+永久保固 點鈔機/數鈔機,https://www.ruten.com.tw/item/show?22329232488465,1860,https://www.ruten.com.tw/item/show?22329251469814,1860,數鈔機,o
【PChome 24h購物】UFOTEC 2700A 最新最小最輕 點驗鈔機 3磁頭+6國幣+永久保固 點鈔機/數鈔機,【PChome 24h購物】UFOTEC 2600A 最新最小最輕 雙旋轉螢幕 點驗鈔機 3磁頭+6國幣+永久保固 點鈔機/數鈔機,https://www.ruten.com.tw/item/show?22329232488465,1860,https://www.ruten.com.tw/item/show?22350354901633,1820,數鈔機,x
【PChome 24h購物】UFOTEC 2700A 最新最小最輕 點驗鈔機 3磁頭+6國幣+永久保固 點鈔機/數鈔機,【PChome 24h購物】本年度 最新最小最輕 旋轉液晶雙螢幕 點驗鈔機 3磁頭+6國幣+永久保固 UFOTEC 點鈔機/數鈔機,https://www.ruten.com.tw/item/show?22329232488465,1860,https://www.ruten.com.tw/item/show?22235209338852,2190,數鈔機,x
【PChome 24h購物】UFOTEC 2700A 最新最小最輕 點驗鈔機 3磁頭+6國幣+永久保固 點鈔機/數鈔機,【PChome 24h購物】最新 免插電 行動點驗鈔機(充電攜帶) UFOTEC OK1000 永久保固 點鈔機/數鈔機,https://www.ruten.com.tw/item/show?22329232488465,1860,https://www.ruten.com.tw/item/show?22235209335545,3660,數鈔機,x
【PChome 24h購物】UFOTEC 2700A 最新最小最輕 點驗鈔機 3磁頭+6國幣+永久保固 點鈔機/數鈔機,【PChome 24h購物】本年度 最新最小最輕 旋轉液晶雙螢幕 點驗鈔機 3磁頭+6國幣+永久保固 UFOTEC 點鈔機/數鈔機,https://www.ruten.com.tw/item/show?22329232488465,1860,https://www.ruten.com.tw/item/show?22235209338852,2190,數鈔機,x
【PChome 24h購物】UFOTEC 2700A 最新最小最輕 點驗鈔機 3磁頭+6國幣+永久保固 點鈔機/數鈔機,【現貨免運】外幣點鈔機V30帶白光紫光UV驗鈔 適配器電池迷你小型手持數鈔機,https://www.ruten.com.tw/item/show?22329232488465,1860,https://www.ruten.com.tw/item/show?22346147455384,1638,數鈔機,x
【PChome 24h購物】UFOTEC 2700A 最新最小最輕 點驗鈔機 3磁頭+6國幣+永久保固 點鈔機/數鈔機,【PChome 24h購物】免插電 多國貨幣 攜帶款 點驗鈔機/點鈔機/數鈔機 永久原廠保固,https://www.ruten.com.tw/item/show?22329232488465,1860,https://www.ruten.com.tw/item/show?22245648790885,3490,數鈔機,x
【PChome 24h購物】UFOTEC 2600A 最新最小最輕 雙旋轉螢幕 點驗鈔機 3磁頭+6國幣+永久保固 點鈔機/數鈔機,【PChome 24h購物】最新 ３磁頭+6國幣+永久保固+繁體中文 UFOTEC 3000A 點驗鈔機/點鈔機/數鈔機,https://www.ruten.com.tw/item/show?22350346661312,1820,https://www.ruten.com.tw/item/show?22238360324173,2090,數鈔機,x
【PChome 24h購物】UFOTEC 2600A 最新最小最輕 雙旋轉螢幕 點驗鈔機 3磁頭+6國幣+永久保固 點鈔機/數鈔機,【PChome 24h購物】最新 5磁頭+永久保固+分鈔+選版+面額顯示+金額加總 點驗鈔機/點鈔機/數鈔機,https://www.ruten.com.tw/item/show?22350346661312,1820,https://www.ruten.com.tw/item/show?22238360342241,4980,數鈔機,x
【PChome 24h購物】UFOTEC 2600A 最新最小最輕 雙旋轉螢幕 點驗鈔機 3磁頭+6國幣+永久保固 點鈔機/數鈔機,【PChome 24h購物】最新 ３磁頭+6國幣+永久保固+繁體中文 UFOTEC 3200A 點驗鈔機/點鈔機/數鈔機,https://www.ruten.com.tw/item/show?22350346661312,1820,https://www.ruten.com.tw/item/show?22238360341802,2220,數鈔機,x
【PChome 24h購物】UFOTEC 2600A 最新最小最輕 雙旋轉螢幕 點驗鈔機 3磁頭+6國幣+永久保固 點鈔機/數鈔機,【PChome 24h購物】最新 ３磁頭+6國幣+永久保固+繁體中文 UFOTEC 3200W 點驗鈔機/點鈔機/數鈔機,https://www.ruten.com.tw/item/show?22350346661312,1820,https://www.ruten.com.tw/item/show?22238360324117,2220,數鈔機,x
【PChome 24h購物】UFOTEC 2600A 最新最小最輕 雙旋轉螢幕 點驗鈔機 3磁頭+6國幣+永久保固 點鈔機/數鈔機,【PChome 24h購物】最新 5磁頭+永久保固+分鈔+選版+面額顯示+金額加總 點驗鈔機/點鈔機/數鈔機,https://www.ruten.com.tw/item/show?22350346661312,1820,https://www.ruten.com.tw/item/show?22238360342241,4980,數鈔機,x
【PChome 24h購物】UFOTEC 2600A 最新最小最輕 雙旋轉螢幕 點驗鈔機 3磁頭+6國幣+永久保固 點鈔機/數鈔機,【PChome 24h購物】UFOTEC 3100A 黃金財神 雙旋轉螢幕 點驗鈔機 3磁頭+6國幣+永久保固 點鈔機/數鈔機,https://www.ruten.com.tw/item/show?22350346661312,1820,https://www.ruten.com.tw/item/show?22351434985422,2580,數鈔機,x
【PChome 24h購物】UFOTEC 2600A 最新最小最輕 雙旋轉螢幕 點驗鈔機 3磁頭+6國幣+永久保固 點鈔機/數鈔機,【PChome 24h購物】UFOTEC 2900A 最新最小最輕 旋轉液晶螢幕 點驗鈔機 3磁頭+6國幣+永久保固 UFOTEC 點鈔機/數鈔機,https://www.ruten.com.tw/item/show?22350346661312,1820,https://www.ruten.com.tw/item/show?22329251162779,1999,數鈔機,x
【PChome 24h購物】UFOTEC 2600A 最新最小最輕 雙旋轉螢幕 點驗鈔機 3磁頭+6國幣+永久保固 點鈔機/數鈔機,【PChome 24h購物】UFOTEC 2700A 最新最小最輕 點驗鈔機 3磁頭+6國幣+永久保固 點鈔機/數鈔機,https://www.ruten.com.tw/item/show?22350346661312,1820,https://www.ruten.com.tw/item/show?22329251469814,1860,數鈔機,x
【PChome 24h購物】UFOTEC 2600A 最新最小最輕 雙旋轉螢幕 點驗鈔機 3磁頭+6國幣+永久保固 點鈔機/數鈔機,【PChome 24h購物】UFOTEC 2600A 最新最小最輕 雙旋轉螢幕 點驗鈔機 3磁頭+6國幣+永久保固 點鈔機/數鈔機,https://www.ruten.com.tw/item/show?22350346661312,1820,https://www.ruten.com.tw/item/show?22350354901633,1820,數鈔機,o
【PChome 24h購物】UFOTEC 2600A 最新最小最輕 雙旋轉螢幕 點驗鈔機 3磁頭+6國幣+永久保固 點鈔機/數鈔機,【PChome 24h購物】本年度 最新最小最輕 旋轉液晶雙螢幕 點驗鈔機 3磁頭+6國幣+永久保固 UFOTEC 點鈔機/數鈔機,https://www.ruten.com.tw/item/show?22350346661312,1820,https://www.ruten.com.tw/item/show?22235209338852,2190,數鈔機,x
【PChome 24h購物】UFOTEC 2600A 最新最小最輕 雙旋轉螢幕 點驗鈔機 3磁頭+6國幣+永久保固 點鈔機/數鈔機,【PChome 24h購物】最新 免插電 行動點驗鈔機(充電攜帶) UFOTEC OK1000 永久保固 點鈔機/數鈔機,https://www.ruten.com.tw/item/show?22350346661312,1820,https://www.ruten.com.tw/item/show?22235209335545,3660,數鈔機,x
【PChome 24h購物】UFOTEC 2600A 最新最小最輕 雙旋轉螢幕 點驗鈔機 3磁頭+6國幣+永久保固 點鈔機/數鈔機,【PChome 24h購物】本年度 最新最小最輕 旋轉液晶雙螢幕 點驗鈔機 3磁頭+6國幣+永久保固 UFOTEC 點鈔機/數鈔機,https://www.ruten.com.tw/item/show?22350346661312,1820,https://www.ruten.com.tw/item/show?22235209338852,2190,數鈔機,x
【PChome 24h購物】UFOTEC 2600A 最新最小最輕 雙旋轉螢幕 點驗鈔機 3磁頭+6國幣+永久保固 點鈔機/數鈔機,【現貨免運】外幣點鈔機V30帶白光紫光UV驗鈔 適配器電池迷你小型手持數鈔機,https://www.ruten.com.tw/item/show?22350346661312,1820,https://www.ruten.com.tw/item/show?22346147455384,1638,數鈔機,x
【PChome 24h購物】UFOTEC 2600A 最新最小最輕 雙旋轉螢幕 點驗鈔機 3磁頭+6國幣+永久保固 點鈔機/數鈔機,【PChome 24h購物】免插電 多國貨幣 攜帶款 點驗鈔機/點鈔機/數鈔機 永久原廠保固,https://www.ruten.com.tw/item/show?22350346661312,1820,https://www.ruten.com.tw/item/show?22245648790885,3490,數鈔機,x
【PChome 24h購物】UFOTEC 2600A 最新最小最輕 雙旋轉螢幕 點驗鈔機 3磁頭+6國幣+永久保固 點鈔機/數鈔機,【PChome 24h購物】最新 ３磁頭+6國幣+永久保固+繁體中文 UFOTEC 3000A 點驗鈔機/點鈔機/數鈔機,https://www.ruten.com.tw/item/show?22350346661312,1820,https://www.ruten.com.tw/item/show?22238360324173,2090,數鈔機,x
【PChome 24h購物】UFOTEC 2600A 最新最小最輕 雙旋轉螢幕 點驗鈔機 3磁頭+6國幣+永久保固 點鈔機/數鈔機,【PChome 24h購物】最新 5磁頭+永久保固+分鈔+選版+面額顯示+金額加總 點驗鈔機/點鈔機/數鈔機,https://www.ruten.com.tw/item/show?22350346661312,1820,https://www.ruten.com.tw/item/show?22238360342241,4980,數鈔機,x
【PChome 24h購物】UFOTEC 2600A 最新最小最輕 雙旋轉螢幕 點驗鈔機 3磁頭+6國幣+永久保固 點鈔機/數鈔機,【PChome 24h購物】最新 ３磁頭+6國幣+永久保固+繁體中文 UFOTEC 3200A 點驗鈔機/點鈔機/數鈔機,https://www.ruten.com.tw/item/show?22350346661312,1820,https://www.ruten.com.tw/item/show?22238360341802,2220,數鈔機,x
【PChome 24h購物】UFOTEC 2600A 最新最小最輕 雙旋轉螢幕 點驗鈔機 3磁頭+6國幣+永久保固 點鈔機/數鈔機,【PChome 24h購物】最新 ３磁頭+6國幣+永久保固+繁體中文 UFOTEC 3200W 點驗鈔機/點鈔機/數鈔機,https://www.ruten.com.tw/item/show?22350346661312,1820,https://www.ruten.com.tw/item/show?22238360324117,2220,數鈔機,x
【PChome 24h購物】UFOTEC 2600A 最新最小最輕 雙旋轉螢幕 點驗鈔機 3磁頭+6國幣+永久保固 點鈔機/數鈔機,【PChome 24h購物】最新 5磁頭+永久保固+分鈔+選版+面額顯示+金額加總 點驗鈔機/點鈔機/數鈔機,https://www.ruten.com.tw/item/show?22350346661312,1820,https://www.ruten.com.tw/item/show?22238360342241,4980,數鈔機,x
【PChome 24h購物】UFOTEC 2600A 最新最小最輕 雙旋轉螢幕 點驗鈔機 3磁頭+6國幣+永久保固 點鈔機/數鈔機,【PChome 24h購物】UFOTEC 3100A 黃金財神 雙旋轉螢幕 點驗鈔機 3磁頭+6國幣+永久保固 點鈔機/數鈔機,https://www.ruten.com.tw/item/show?22350346661312,1820,https://www.ruten.com.tw/item/show?22351434985422,2580,數鈔機,x
【PChome 24h購物】UFOTEC 2600A 最新最小最輕 雙旋轉螢幕 點驗鈔機 3磁頭+6國幣+永久保固 點鈔機/數鈔機,【PChome 24h購物】UFOTEC 2900A 最新最小最輕 旋轉液晶螢幕 點驗鈔機 3磁頭+6國幣+永久保固 UFOTEC 點鈔機/數鈔機,https://www.ruten.com.tw/item/show?22350346661312,1820,https://www.ruten.com.tw/item/show?22329251162779,1999,數鈔機,x
【PChome 24h購物】UFOTEC 2600A 最新最小最輕 雙旋轉螢幕 點驗鈔機 3磁頭+6國幣+永久保固 點鈔機/數鈔機,【PChome 24h購物】UFOTEC 2700A 最新最小最輕 點驗鈔機 3磁頭+6國幣+永久保固 點鈔機/數鈔機,https://www.ruten.com.tw/item/show?22350346661312,1820,https://www.ruten.com.tw/item/show?22329251469814,1860,數鈔機,x
【PChome 24h購物】UFOTEC 2600A 最新最小最輕 雙旋轉螢幕 點驗鈔機 3磁頭+6國幣+永久保固 點鈔機/數鈔機,【PChome 24h購物】UFOTEC 2600A 最新最小最輕 雙旋轉螢幕 點驗鈔機 3磁頭+6國幣+永久保固 點鈔機/數鈔機,https://www.ruten.com.tw/item/show?22350346661312,1820,https://www.ruten.com.tw/item/show?22350354901633,1820,數鈔機,o
【PChome 24h購物】UFOTEC 2600A 最新最小最輕 雙旋轉螢幕 點驗鈔機 3磁頭+6國幣+永久保固 點鈔機/數鈔機,【PChome 24h購物】本年度 最新最小最輕 旋轉液晶雙螢幕 點驗鈔機 3磁頭+6國幣+永久保固 UFOTEC 點鈔機/數鈔機,https://www.ruten.com.tw/item/show?22350346661312,1820,https://www.ruten.com.tw/item/show?22235209338852,2190,數鈔機,x
【PChome 24h購物】UFOTEC 2600A 最新最小最輕 雙旋轉螢幕 點驗鈔機 3磁頭+6國幣+永久保固 點鈔機/數鈔機,【PChome 24h購物】最新 免插電 行動點驗鈔機(充電攜帶) UFOTEC OK1000 永久保固 點鈔機/數鈔機,https://www.ruten.com.tw/item/show?22350346661312,1820,https://www.ruten.com.tw/item/show?22235209335545,3660,數鈔機,x
【PChome 24h購物】UFOTEC 2600A 最新最小最輕 雙旋轉螢幕 點驗鈔機 3磁頭+6國幣+永久保固 點鈔機/數鈔機,【PChome 24h購物】本年度 最新最小最輕 旋轉液晶雙螢幕 點驗鈔機 3磁頭+6國幣+永久保固 UFOTEC 點鈔機/數鈔機,https://www.ruten.com.tw/item/show?22350346661312,1820,https://www.ruten.com.tw/item/show?22235209338852,2190,數鈔機,x
【PChome 24h購物】UFOTEC 2600A 最新最小最輕 雙旋轉螢幕 點驗鈔機 3磁頭+6國幣+永久保固 點鈔機/數鈔機,【現貨免運】外幣點鈔機V30帶白光紫光UV驗鈔 適配器電池迷你小型手持數鈔機,https://www.ruten.com.tw/item/show?22350346661312,1820,https://www.ruten.com.tw/item/show?22346147455384,1638,數鈔機,x
【PChome 24h購物】UFOTEC 2600A 最新最小最輕 雙旋轉螢幕 點驗鈔機 3磁頭+6國幣+永久保固 點鈔機/數鈔機,【PChome 24h購物】免插電 多國貨幣 攜帶款 點驗鈔機/點鈔機/數鈔機 永久原廠保固,https://www.ruten.com.tw/item/show?22350346661312,1820,https://www.ruten.com.tw/item/show?22245648790885,3490,數鈔機,x
【PChome 24h購物】UFOTEC 2700A 最新最小最輕 點驗鈔機 3磁頭+6國幣+永久保固 點鈔機/數鈔機,【PChome 24h購物】最新 ３磁頭+6國幣+永久保固+繁體中文 UFOTEC 3000A 點驗鈔機/點鈔機/數鈔機,https://www.ruten.com.tw/item/show?22329232488465,1860,https://www.ruten.com.tw/item/show?22238360324173,2090,數鈔機,x
【PChome 24h購物】UFOTEC 2700A 最新最小最輕 點驗鈔機 3磁頭+6國幣+永久保固 點鈔機/數鈔機,【PChome 24h購物】最新 5磁頭+永久保固+分鈔+選版+面額顯示+金額加總 點驗鈔機/點鈔機/數鈔機,https://www.ruten.com.tw/item/show?22329232488465,1860,https://www.ruten.com.tw/item/show?22238360342241,4980,數鈔機,x
【PChome 24h購物】UFOTEC 2700A 最新最小最輕 點驗鈔機 3磁頭+6國幣+永久保固 點鈔機/數鈔機,【PChome 24h購物】最新 ３磁頭+6國幣+永久保固+繁體中文 UFOTEC 3200A 點驗鈔機/點鈔機/數鈔機,https://www.ruten.com.tw/item/show?22329232488465,1860,https://www.ruten.com.tw/item/show?22238360341802,2220,數鈔機,x
【PChome 24h購物】UFOTEC 2700A 最新最小最輕 點驗鈔機 3磁頭+6國幣+永久保固 點鈔機/數鈔機,【PChome 24h購物】最新 ３磁頭+6國幣+永久保固+繁體中文 UFOTEC 3200W 點驗鈔機/點鈔機/數鈔機,https://www.ruten.com.tw/item/show?22329232488465,1860,https://www.ruten.com.tw/item/show?22238360324117,2220,數鈔機,x
【PChome 24h購物】UFOTEC 2700A 最新最小最輕 點驗鈔機 3磁頭+6國幣+永久保固 點鈔機/數鈔機,【PChome 24h購物】最新 5磁頭+永久保固+分鈔+選版+面額顯示+金額加總 點驗鈔機/點鈔機/數鈔機,https://www.ruten.com.tw/item/show?22329232488465,1860,https://www.ruten.com.tw/item/show?22238360342241,4980,數鈔機,x
【PChome 24h購物】UFOTEC 2700A 最新最小最輕 點驗鈔機 3磁頭+6國幣+永久保固 點鈔機/數鈔機,【PChome 24h購物】UFOTEC 3100A 黃金財神 雙旋轉螢幕 點驗鈔機 3磁頭+6國幣+永久保固 點鈔機/數鈔機,https://www.ruten.com.tw/item/show?22329232488465,1860,https://www.ruten.com.tw/item/show?22351434985422,2580,數鈔機,x
【PChome 24h購物】UFOTEC 2700A 最新最小最輕 點驗鈔機 3磁頭+6國幣+永久保固 點鈔機/數鈔機,【PChome 24h購物】UFOTEC 2900A 最新最小最輕 旋轉液晶螢幕 點驗鈔機 3磁頭+6國幣+永久保固 UFOTEC 點鈔機/數鈔機,https://www.ruten.com.tw/item/show?22329232488465,1860,https://www.ruten.com.tw/item/show?22329251162779,1999,數鈔機,x
【PChome 24h購物】UFOTEC 2700A 最新最小最輕 點驗鈔機 3磁頭+6國幣+永久保固 點鈔機/數鈔機,【PChome 24h購物】UFOTEC 2700A 最新最小最輕 點驗鈔機 3磁頭+6國幣+永久保固 點鈔機/數鈔機,https://www.ruten.com.tw/item/show?22329232488465,1860,https://www.ruten.com.tw/item/show?22329251469814,1860,數鈔機,x
【PChome 24h購物】UFOTEC 2700A 最新最小最輕 點驗鈔機 3磁頭+6國幣+永久保固 點鈔機/數鈔機,【PChome 24h購物】UFOTEC 2600A 最新最小最輕 雙旋轉螢幕 點驗鈔機 3磁頭+6國幣+永久保固 點鈔機/數鈔機,https://www.ruten.com.tw/item/show?22329232488465,1860,https://www.ruten.com.tw/item/show?22350354901633,1820,數鈔機,x
【PChome 24h購物】UFOTEC 2700A 最新最小最輕 點驗鈔機 3磁頭+6國幣+永久保固 點鈔機/數鈔機,【PChome 24h購物】本年度 最新最小最輕 旋轉液晶雙螢幕 點驗鈔機 3磁頭+6國幣+永久保固 UFOTEC 點鈔機/數鈔機,https://www.ruten.com.tw/item/show?22329232488465,1860,https://www.ruten.com.tw/item/show?22235209338852,2190,數鈔機,x
【PChome 24h購物】UFOTEC 2700A 最新最小最輕 點驗鈔機 3磁頭+6國幣+永久保固 點鈔機/數鈔機,【PChome 24h購物】最新 免插電 行動點驗鈔機(充電攜帶) UFOTEC OK1000 永久保固 點鈔機/數鈔機,https://www.ruten.com.tw/item/show?22329232488465,1860,https://www.ruten.com.tw/item/show?22235209335545,3660,數鈔機,x
【PChome 24h購物】UFOTEC 2700A 最新最小最輕 點驗鈔機 3磁頭+6國幣+永久保固 點鈔機/數鈔機,【PChome 24h購物】本年度 最新最小最輕 旋轉液晶雙螢幕 點驗鈔機 3磁頭+6國幣+永久保固 UFOTEC 點鈔機/數鈔機,https://www.ruten.com.tw/item/show?22329232488465,1860,https://www.ruten.com.tw/item/show?22235209338852,2190,數鈔機,x
【PChome 24h購物】UFOTEC 2700A 最新最小最輕 點驗鈔機 3磁頭+6國幣+永久保固 點鈔機/數鈔機,【現貨免運】外幣點鈔機V30帶白光紫光UV驗鈔 適配器電池迷你小型手持數鈔機,https://www.ruten.com.tw/item/show?22329232488465,1860,https://www.ruten.com.tw/item/show?22346147455384,1638,數鈔機,x
【PChome 24h購物】UFOTEC 2700A 最新最小最輕 點驗鈔機 3磁頭+6國幣+永久保固 點鈔機/數鈔機,【PChome 24h購物】免插電 多國貨幣 攜帶款 點驗鈔機/點鈔機/數鈔機 永久原廠保固,https://www.ruten.com.tw/item/show?22329232488465,1860,https://www.ruten.com.tw/item/show?22245648790885,3490,數鈔機,x
【PChome 24h購物】【BC-108】三磁頭 自動點驗鈔機 多國幣 點鈔機 驗鈔機 數鈔機 分鈔機 清點機 (附外接顯示器),【PChome 24h購物】最新 ３磁頭+6國幣+永久保固+繁體中文 UFOTEC 3000A 點驗鈔機/點鈔機/數鈔機,https://www.ruten.com.tw/item/show?22329267914849,2832,https://www.ruten.com.tw/item/show?22238360324173,2090,數鈔機,x
【PChome 24h購物】【BC-108】三磁頭 自動點驗鈔機 多國幣 點鈔機 驗鈔機 數鈔機 分鈔機 清點機 (附外接顯示器),【PChome 24h購物】最新 5磁頭+永久保固+分鈔+選版+面額顯示+金額加總 點驗鈔機/點鈔機/數鈔機,https://www.ruten.com.tw/item/show?22329267914849,2832,https://www.ruten.com.tw/item/show?22238360342241,4980,數鈔機,x
【PChome 24h購物】【BC-108】三磁頭 自動點驗鈔機 多國幣 點鈔機 驗鈔機 數鈔機 分鈔機 清點機 (附外接顯示器),【PChome 24h購物】最新 ３磁頭+6國幣+永久保固+繁體中文 UFOTEC 3200A 點驗鈔機/點鈔機/數鈔機,https://www.ruten.com.tw/item/show?22329267914849,2832,https://www.ruten.com.tw/item/show?22238360341802,2220,數鈔機,x
【PChome 24h購物】【BC-108】三磁頭 自動點驗鈔機 多國幣 點鈔機 驗鈔機 數鈔機 分鈔機 清點機 (附外接顯示器),【PChome 24h購物】最新 ３磁頭+6國幣+永久保固+繁體中文 UFOTEC 3200W 點驗鈔機/點鈔機/數鈔機,https://www.ruten.com.tw/item/show?22329267914849,2832,https://www.ruten.com.tw/item/show?22238360324117,2220,數鈔機,x
【PChome 24h購物】【BC-108】三磁頭 自動點驗鈔機 多國幣 點鈔機 驗鈔機 數鈔機 分鈔機 清點機 (附外接顯示器),【PChome 24h購物】最新 5磁頭+永久保固+分鈔+選版+面額顯示+金額加總 點驗鈔機/點鈔機/數鈔機,https://www.ruten.com.tw/item/show?22329267914849,2832,https://www.ruten.com.tw/item/show?22238360342241,4980,數鈔機,x
【PChome 24h購物】【BC-108】三磁頭 自動點驗鈔機 多國幣 點鈔機 驗鈔機 數鈔機 分鈔機 清點機 (附外接顯示器),【PChome 24h購物】UFOTEC 3100A 黃金財神 雙旋轉螢幕 點驗鈔機 3磁頭+6國幣+永久保固 點鈔機/數鈔機,https://www.ruten.com.tw/item/show?22329267914849,2832,https://www.ruten.com.tw/item/show?22351434985422,2580,數鈔機,x
【PChome 24h購物】【BC-108】三磁頭 自動點驗鈔機 多國幣 點鈔機 驗鈔機 數鈔機 分鈔機 清點機 (附外接顯示器),【PChome 24h購物】UFOTEC 2900A 最新最小最輕 旋轉液晶螢幕 點驗鈔機 3磁頭+6國幣+永久保固 UFOTEC 點鈔機/數鈔機,https://www.ruten.com.tw/item/show?22329267914849,2832,https://www.ruten.com.tw/item/show?22329251162779,1999,數鈔機,x
【PChome 24h購物】【BC-108】三磁頭 自動點驗鈔機 多國幣 點鈔機 驗鈔機 數鈔機 分鈔機 清點機 (附外接顯示器),【PChome 24h購物】UFOTEC 2700A 最新最小最輕 點驗鈔機 3磁頭+6國幣+永久保固 點鈔機/數鈔機,https://www.ruten.com.tw/item/show?22329267914849,2832,https://www.ruten.com.tw/item/show?22329251469814,1860,數鈔機,x
【PChome 24h購物】【BC-108】三磁頭 自動點驗鈔機 多國幣 點鈔機 驗鈔機 數鈔機 分鈔機 清點機 (附外接顯示器),【PChome 24h購物】UFOTEC 2600A 最新最小最輕 雙旋轉螢幕 點驗鈔機 3磁頭+6國幣+永久保固 點鈔機/數鈔機,https://www.ruten.com.tw/item/show?22329267914849,2832,https://www.ruten.com.tw/item/show?22350354901633,1820,數鈔機,x
【PChome 24h購物】【BC-108】三磁頭 自動點驗鈔機 多國幣 點鈔機 驗鈔機 數鈔機 分鈔機 清點機 (附外接顯示器),【PChome 24h購物】本年度 最新最小最輕 旋轉液晶雙螢幕 點驗鈔機 3磁頭+6國幣+永久保固 UFOTEC 點鈔機/數鈔機,https://www.ruten.com.tw/item/show?22329267914849,2832,https://www.ruten.com.tw/item/show?22235209338852,2190,數鈔機,x
【PChome 24h購物】【BC-108】三磁頭 自動點驗鈔機 多國幣 點鈔機 驗鈔機 數鈔機 分鈔機 清點機 (附外接顯示器),【PChome 24h購物】最新 免插電 行動點驗鈔機(充電攜帶) UFOTEC OK1000 永久保固 點鈔機/數鈔機,https://www.ruten.com.tw/item/show?22329267914849,2832,https://www.ruten.com.tw/item/show?22235209335545,3660,數鈔機,x
【PChome 24h購物】【BC-108】三磁頭 自動點驗鈔機 多國幣 點鈔機 驗鈔機 數鈔機 分鈔機 清點機 (附外接顯示器),【PChome 24h購物】本年度 最新最小最輕 旋轉液晶雙螢幕 點驗鈔機 3磁頭+6國幣+永久保固 UFOTEC 點鈔機/數鈔機,https://www.ruten.com.tw/item/show?22329267914849,2832,https://www.ruten.com.tw/item/show?22235209338852,2190,數鈔機,x
【PChome 24h購物】【BC-108】三磁頭 自動點驗鈔機 多國幣 點鈔機 驗鈔機 數鈔機 分鈔機 清點機 (附外接顯示器),【現貨免運】外幣點鈔機V30帶白光紫光UV驗鈔 適配器電池迷你小型手持數鈔機,https://www.ruten.com.tw/item/show?22329267914849,2832,https://www.ruten.com.tw/item/show?22346147455384,1638,數鈔機,x
【PChome 24h購物】【BC-108】三磁頭 自動點驗鈔機 多國幣 點鈔機 驗鈔機 數鈔機 分鈔機 清點機 (附外接顯示器),【PChome 24h購物】免插電 多國貨幣 攜帶款 點驗鈔機/點鈔機/數鈔機 永久原廠保固,https://www.ruten.com.tw/item/show?22329267914849,2832,https://www.ruten.com.tw/item/show?22245648790885,3490,數鈔機,x
【PChome 24h購物】免插電 多國貨幣 攜帶款 點驗鈔機/點鈔機/數鈔機 永久原廠保固,【PChome 24h購物】最新 ３磁頭+6國幣+永久保固+繁體中文 UFOTEC 3000A 點驗鈔機/點鈔機/數鈔機,https://www.ruten.com.tw/item/show?22245648790885,3490,https://www.ruten.com.tw/item/show?22238360324173,2090,數鈔機,x
【PChome 24h購物】免插電 多國貨幣 攜帶款 點驗鈔機/點鈔機/數鈔機 永久原廠保固,【PChome 24h購物】最新 5磁頭+永久保固+分鈔+選版+面額顯示+金額加總 點驗鈔機/點鈔機/數鈔機,https://www.ruten.com.tw/item/show?22245648790885,3490,https://www.ruten.com.tw/item/show?22238360342241,4980,數鈔機,x
【PChome 24h購物】免插電 多國貨幣 攜帶款 點驗鈔機/點鈔機/數鈔機 永久原廠保固,【PChome 24h購物】最新 ３磁頭+6國幣+永久保固+繁體中文 UFOTEC 3200A 點驗鈔機/點鈔機/數鈔機,https://www.ruten.com.tw/item/show?22245648790885,3490,https://www.ruten.com.tw/item/show?22238360341802,2220,數鈔機,x
【PChome 24h購物】免插電 多國貨幣 攜帶款 點驗鈔機/點鈔機/數鈔機 永久原廠保固,【PChome 24h購物】最新 ３磁頭+6國幣+永久保固+繁體中文 UFOTEC 3200W 點驗鈔機/點鈔機/數鈔機,https://www.ruten.com.tw/item/show?22245648790885,3490,https://www.ruten.com.tw/item/show?22238360324117,2220,數鈔機,x
【PChome 24h購物】免插電 多國貨幣 攜帶款 點驗鈔機/點鈔機/數鈔機 永久原廠保固,【PChome 24h購物】最新 5磁頭+永久保固+分鈔+選版+面額顯示+金額加總 點驗鈔機/點鈔機/數鈔機,https://www.ruten.com.tw/item/show?22245648790885,3490,https://www.ruten.com.tw/item/show?22238360342241,4980,數鈔機,x
【PChome 24h購物】免插電 多國貨幣 攜帶款 點驗鈔機/點鈔機/數鈔機 永久原廠保固,【PChome 24h購物】UFOTEC 3100A 黃金財神 雙旋轉螢幕 點驗鈔機 3磁頭+6國幣+永久保固 點鈔機/數鈔機,https://www.ruten.com.tw/item/show?22245648790885,3490,https://www.ruten.com.tw/item/show?22351434985422,2580,數鈔機,x
【PChome 24h購物】免插電 多國貨幣 攜帶款 點驗鈔機/點鈔機/數鈔機 永久原廠保固,【PChome 24h購物】UFOTEC 2900A 最新最小最輕 旋轉液晶螢幕 點驗鈔機 3磁頭+6國幣+永久保固 UFOTEC 點鈔機/數鈔機,https://www.ruten.com.tw/item/show?22245648790885,3490,https://www.ruten.com.tw/item/show?22329251162779,1999,數鈔機,x
【PChome 24h購物】免插電 多國貨幣 攜帶款 點驗鈔機/點鈔機/數鈔機 永久原廠保固,【PChome 24h購物】UFOTEC 2700A 最新最小最輕 點驗鈔機 3磁頭+6國幣+永久保固 點鈔機/數鈔機,https://www.ruten.com.tw/item/show?22245648790885,3490,https://www.ruten.com.tw/item/show?22329251469814,1860,數鈔機,x
【PChome 24h購物】免插電 多國貨幣 攜帶款 點驗鈔機/點鈔機/數鈔機 永久原廠保固,【PChome 24h購物】UFOTEC 2600A 最新最小最輕 雙旋轉螢幕 點驗鈔機 3磁頭+6國幣+永久保固 點鈔機/數鈔機,https://www.ruten.com.tw/item/show?22245648790885,3490,https://www.ruten.com.tw/item/show?22350354901633,1820,數鈔機,x
【PChome 24h購物】免插電 多國貨幣 攜帶款 點驗鈔機/點鈔機/數鈔機 永久原廠保固,【PChome 24h購物】本年度 最新最小最輕 旋轉液晶雙螢幕 點驗鈔機 3磁頭+6國幣+永久保固 UFOTEC 點鈔機/數鈔機,https://www.ruten.com.tw/item/show?22245648790885,3490,https://www.ruten.com.tw/item/show?22235209338852,2190,數鈔機,x
【PChome 24h購物】免插電 多國貨幣 攜帶款 點驗鈔機/點鈔機/數鈔機 永久原廠保固,【PChome 24h購物】最新 免插電 行動點驗鈔機(充電攜帶) UFOTEC OK1000 永久保固 點鈔機/數鈔機,https://www.ruten.com.tw/item/show?22245648790885,3490,https://www.ruten.com.tw/item/show?22235209335545,3660,數鈔機,x
【PChome 24h購物】免插電 多國貨幣 攜帶款 點驗鈔機/點鈔機/數鈔機 永久原廠保固,【PChome 24h購物】本年度 最新最小最輕 旋轉液晶雙螢幕 點驗鈔機 3磁頭+6國幣+永久保固 UFOTEC 點鈔機/數鈔機,https://www.ruten.com.tw/item/show?22245648790885,3490,https://www.ruten.com.tw/item/show?22235209338852,2190,數鈔機,x
【PChome 24h購物】免插電 多國貨幣 攜帶款 點驗鈔機/點鈔機/數鈔機 永久原廠保固,【現貨免運】外幣點鈔機V30帶白光紫光UV驗鈔 適配器電池迷你小型手持數鈔機,https://www.ruten.com.tw/item/show?22245648790885,3490,https://www.ruten.com.tw/item/show?22346147455384,1638,數鈔機,x
【PChome 24h購物】免插電 多國貨幣 攜帶款 點驗鈔機/點鈔機/數鈔機 永久原廠保固,【PChome 24h購物】免插電 多國貨幣 攜帶款 點驗鈔機/點鈔機/數鈔機 永久原廠保固,https://www.ruten.com.tw/item/show?22245648790885,3490,https://www.ruten.com.tw/item/show?22245648790885,3490,數鈔機,o
【PChome 24h購物】RP-299 3磁頭+6國幣點驗鈔機/點鈔機/數鈔機,【PChome 24h購物】最新 ３磁頭+6國幣+永久保固+繁體中文 UFOTEC 3000A 點驗鈔機/點鈔機/數鈔機,https://www.ruten.com.tw/item/show?22424717802481,2621,https://www.ruten.com.tw/item/show?22238360324173,2090,數鈔機,x
【PChome 24h購物】RP-299 3磁頭+6國幣點驗鈔機/點鈔機/數鈔機,【PChome 24h購物】最新 5磁頭+永久保固+分鈔+選版+面額顯示+金額加總 點驗鈔機/點鈔機/數鈔機,https://www.ruten.com.tw/item/show?22424717802481,2621,https://www.ruten.com.tw/item/show?22238360342241,4980,數鈔機,x
【PChome 24h購物】RP-299 3磁頭+6國幣點驗鈔機/點鈔機/數鈔機,【PChome 24h購物】最新 ３磁頭+6國幣+永久保固+繁體中文 UFOTEC 3200A 點驗鈔機/點鈔機/數鈔機,https://www.ruten.com.tw/item/show?22424717802481,2621,https://www.ruten.com.tw/item/show?22238360341802,2220,數鈔機,x
【PChome 24h購物】RP-299 3磁頭+6國幣點驗鈔機/點鈔機/數鈔機,【PChome 24h購物】最新 ３磁頭+6國幣+永久保固+繁體中文 UFOTEC 3200W 點驗鈔機/點鈔機/數鈔機,https://www.ruten.com.tw/item/show?22424717802481,2621,https://www.ruten.com.tw/item/show?22238360324117,2220,數鈔機,x
【PChome 24h購物】RP-299 3磁頭+6國幣點驗鈔機/點鈔機/數鈔機,【PChome 24h購物】最新 5磁頭+永久保固+分鈔+選版+面額顯示+金額加總 點驗鈔機/點鈔機/數鈔機,https://www.ruten.com.tw/item/show?22424717802481,2621,https://www.ruten.com.tw/item/show?22238360342241,4980,數鈔機,x
【PChome 24h購物】RP-299 3磁頭+6國幣點驗鈔機/點鈔機/數鈔機,【PChome 24h購物】UFOTEC 3100A 黃金財神 雙旋轉螢幕 點驗鈔機 3磁頭+6國幣+永久保固 點鈔機/數鈔機,https://www.ruten.com.tw/item/show?22424717802481,2621,https://www.ruten.com.tw/item/show?22351434985422,2580,數鈔機,x
【PChome 24h購物】RP-299 3磁頭+6國幣點驗鈔機/點鈔機/數鈔機,【PChome 24h購物】UFOTEC 2900A 最新最小最輕 旋轉液晶螢幕 點驗鈔機 3磁頭+6國幣+永久保固 UFOTEC 點鈔機/數鈔機,https://www.ruten.com.tw/item/show?22424717802481,2621,https://www.ruten.com.tw/item/show?22329251162779,1999,數鈔機,x
【PChome 24h購物】RP-299 3磁頭+6國幣點驗鈔機/點鈔機/數鈔機,【PChome 24h購物】UFOTEC 2700A 最新最小最輕 點驗鈔機 3磁頭+6國幣+永久保固 點鈔機/數鈔機,https://www.ruten.com.tw/item/show?22424717802481,2621,https://www.ruten.com.tw/item/show?22329251469814,1860,數鈔機,x
【PChome 24h購物】RP-299 3磁頭+6國幣點驗鈔機/點鈔機/數鈔機,【PChome 24h購物】UFOTEC 2600A 最新最小最輕 雙旋轉螢幕 點驗鈔機 3磁頭+6國幣+永久保固 點鈔機/數鈔機,https://www.ruten.com.tw/item/show?22424717802481,2621,https://www.ruten.com.tw/item/show?22350354901633,1820,數鈔機,x
【PChome 24h購物】RP-299 3磁頭+6國幣點驗鈔機/點鈔機/數鈔機,【PChome 24h購物】本年度 最新最小最輕 旋轉液晶雙螢幕 點驗鈔機 3磁頭+6國幣+永久保固 UFOTEC 點鈔機/數鈔機,https://www.ruten.com.tw/item/show?22424717802481,2621,https://www.ruten.com.tw/item/show?22235209338852,2190,數鈔機,x
【PChome 24h購物】RP-299 3磁頭+6國幣點驗鈔機/點鈔機/數鈔機,【PChome 24h購物】最新 免插電 行動點驗鈔機(充電攜帶) UFOTEC OK1000 永久保固 點鈔機/數鈔機,https://www.ruten.com.tw/item/show?22424717802481,2621,https://www.ruten.com.tw/item/show?22235209335545,3660,數鈔機,x
【PChome 24h購物】RP-299 3磁頭+6國幣點驗鈔機/點鈔機/數鈔機,【PChome 24h購物】本年度 最新最小最輕 旋轉液晶雙螢幕 點驗鈔機 3磁頭+6國幣+永久保固 UFOTEC 點鈔機/數鈔機,https://www.ruten.com.tw/item/show?22424717802481,2621,https://www.ruten.com.tw/item/show?22235209338852,2190,數鈔機,x
【PChome 24h購物】RP-299 3磁頭+6國幣點驗鈔機/點鈔機/數鈔機,【現貨免運】外幣點鈔機V30帶白光紫光UV驗鈔 適配器電池迷你小型手持數鈔機,https://www.ruten.com.tw/item/show?22424717802481,2621,https://www.ruten.com.tw/item/show?22346147455384,1638,數鈔機,x
【PChome 24h購物】RP-299 3磁頭+6國幣點驗鈔機/點鈔機/數鈔機,【PChome 24h購物】免插電 多國貨幣 攜帶款 點驗鈔機/點鈔機/數鈔機 永久原廠保固,https://www.ruten.com.tw/item/show?22424717802481,2621,https://www.ruten.com.tw/item/show?22245648790885,3490,數鈔機,x
