商品名稱A,商品名稱B,網頁A,價格A,網頁B,價格B,搜尋詞,label
【Aka】90公分雙螢幕鍵盤收納架-黑色(雙螢幕增高架/筆電架/螢幕座/筆電座/原廠保固),"AMIKA 暴力猿 微量碳纖分子 超耐磨釣線 路亞 18.18kg/40LB, 1個",https://m.momoshop.com.tw/search.momo?curPage=1&searchKeyword=aka 90公分,799,https://www.tw.coupang.com/products/AMIKA-%E6%9A%B4%E5%8A%9B%E7%8C%BF-%E5%BE%AE%E9%87%8F%E7%A2%B3%E7%BA%96%E5%88%86%E5%AD%90-%E8%B6%85%E8%80%90%E7%A3%A8%E9%87%A3%E7%B7%9A-%E8%B7%AF%E4%BA%9E-18.18kg%2F40LB-474059871584261?itemId=474059871584262&vendorItemId=474059871584259&sourceType=search&rank=2&searchId=65eb19dea758415a922044abca15d967&q=aka%2090%E5%85%AC%E5%88%86,$264,aka 90公分,x
【Aka】90公分雙螢幕鍵盤收納架-黑色(雙螢幕增高架/筆電架/螢幕座/筆電座/原廠保固),"AMIKA 暴力猿 微量碳纖分子 超耐磨釣線 路亞 18.18kg/40LB, 1個",https://m.momoshop.com.tw/search.momo?curPage=1&searchKeyword=aka 90公分,799,https://www.tw.coupang.com/products/AMIKA-%E6%9A%B4%E5%8A%9B%E7%8C%BF-%E5%BE%AE%E9%87%8F%E7%A2%B3%E7%BA%96%E5%88%86%E5%AD%90-%E8%B6%85%E8%80%90%E7%A3%A8%E9%87%A3%E7%B7%9A-%E8%B7%AF%E4%BA%9E-18.18kg%2F40LB-474059871584261?itemId=474059871584262&vendorItemId=474059871584259&sourceType=search&rank=2&searchId=65eb19dea758415a922044abca15d967&q=aka%2090%E5%85%AC%E5%88%86,$264,aka 90公分,x
【Aka】90公分雙螢幕鍵盤收納架-黑色(雙螢幕增高架/筆電架/螢幕座/筆電座/原廠保固),"AMIKA 暴力猿 微量碳纖分子 超耐磨釣線 路亞 18.18kg/40LB, 1個",https://m.momoshop.com.tw/search.momo?curPage=1&searchKeyword=aka 90公分,799,https://www.tw.coupang.com/products/AMIKA-%E6%9A%B4%E5%8A%9B%E7%8C%BF-%E5%BE%AE%E9%87%8F%E7%A2%B3%E7%BA%96%E5%88%86%E5%AD%90-%E8%B6%85%E8%80%90%E7%A3%A8%E9%87%A3%E7%B7%9A-%E8%B7%AF%E4%BA%9E-18.18kg%2F40LB-474059871584261?itemId=474059871584262&vendorItemId=474059871584259&sourceType=search&rank=2&searchId=65eb19dea758415a922044abca15d967&q=aka%2090%E5%85%AC%E5%88%86,$264,aka 90公分,x
【Aka】90公分雙螢幕鍵盤收納架-黑色(雙螢幕增高架/筆電架/螢幕座/筆電座/原廠保固),"AMIKA 暴力猿 微量碳纖分子 超耐磨 尼龍線 極柔軟 250M 日本製 前導線 碳素線 釣線 路亞 釣魚 2.5號 7.72KG/17LB, 1個",https://m.momoshop.com.tw/search.momo?curPage=1&searchKeyword=aka 90公分,799,https://www.tw.coupang.com/products/AMIKA-%E6%9A%B4%E5%8A%9B%E7%8C%BF-%E5%BE%AE%E9%87%8F%E7%A2%B3%E7%BA%96%E5%88%86%E5%AD%90-%E8%B6%85%E8%80%90%E7%A3%A8-%E5%B0%BC%E9%BE%8D%E7%B7%9A-%E6%A5%B5%E6%9F%94%E8%BB%9F-250M-%E6%97%A5%E6%9C%AC%E8%A3%BD-%E5%89%8D%E5%B0%8E%E7%B7%9A-%E7%A2%B3%E7%B4%A0%E7%B7%9A-%E9%87%A3%E7%B7%9A-%E8%B7%AF%E4%BA%9E-%E9%87%A3%E9%AD%9A-2.5%E8%99%9F-7.72KG%2F17LB-474059867389967?itemId=474059867406353&vendorItemId=474059867389964&sourceType=search&rank=1&searchId=65eb19dea758415a922044abca15d967&q=aka%2090%E5%85%AC%E5%88%86,$264,aka 90公分,x
【Aka】90公分雙螢幕鍵盤收納架-白色(雙螢幕增高架/筆電架/螢幕座/筆電座/原廠保固),"AMIKA 暴力猿 微量碳纖分子 超耐磨釣線 路亞 18.18kg/40LB, 1個",https://m.momoshop.com.tw/search.momo?curPage=1&searchKeyword=aka 90公分,781,https://www.tw.coupang.com/products/AMIKA-%E6%9A%B4%E5%8A%9B%E7%8C%BF-%E5%BE%AE%E9%87%8F%E7%A2%B3%E7%BA%96%E5%88%86%E5%AD%90-%E8%B6%85%E8%80%90%E7%A3%A8%E9%87%A3%E7%B7%9A-%E8%B7%AF%E4%BA%9E-18.18kg%2F40LB-474059871584261?itemId=474059871584262&vendorItemId=474059871584259&sourceType=search&rank=2&searchId=65eb19dea758415a922044abca15d967&q=aka%2090%E5%85%AC%E5%88%86,$264,aka 90公分,x
【Aka】90公分雙螢幕鍵盤收納架-白色(雙螢幕增高架/筆電架/螢幕座/筆電座/原廠保固),"AMIKA 暴力猿 微量碳纖分子 超耐磨釣線 路亞 18.18kg/40LB, 1個",https://m.momoshop.com.tw/search.momo?curPage=1&searchKeyword=aka 90公分,781,https://www.tw.coupang.com/products/AMIKA-%E6%9A%B4%E5%8A%9B%E7%8C%BF-%E5%BE%AE%E9%87%8F%E7%A2%B3%E7%BA%96%E5%88%86%E5%AD%90-%E8%B6%85%E8%80%90%E7%A3%A8%E9%87%A3%E7%B7%9A-%E8%B7%AF%E4%BA%9E-18.18kg%2F40LB-474059871584261?itemId=474059871584262&vendorItemId=474059871584259&sourceType=search&rank=2&searchId=65eb19dea758415a922044abca15d967&q=aka%2090%E5%85%AC%E5%88%86,$264,aka 90公分,x
【Aka】90公分雙螢幕鍵盤收納架-白色(雙螢幕增高架/筆電架/螢幕座/筆電座/原廠保固),"AMIKA 暴力猿 微量碳纖分子 超耐磨釣線 路亞 18.18kg/40LB, 1個",https://m.momoshop.com.tw/search.momo?curPage=1&searchKeyword=aka 90公分,781,https://www.tw.coupang.com/products/AMIKA-%E6%9A%B4%E5%8A%9B%E7%8C%BF-%E5%BE%AE%E9%87%8F%E7%A2%B3%E7%BA%96%E5%88%86%E5%AD%90-%E8%B6%85%E8%80%90%E7%A3%A8%E9%87%A3%E7%B7%9A-%E8%B7%AF%E4%BA%9E-18.18kg%2F40LB-474059871584261?itemId=474059871584262&vendorItemId=474059871584259&sourceType=search&rank=2&searchId=65eb19dea758415a922044abca15d967&q=aka%2090%E5%85%AC%E5%88%86,$264,aka 90公分,x
【Aka】90公分雙螢幕鍵盤收納架-白色(雙螢幕增高架/筆電架/螢幕座/筆電座/原廠保固),"AMIKA 暴力猿 微量碳纖分子 超耐磨 尼龍線 極柔軟 250M 日本製 前導線 碳素線 釣線 路亞 釣魚 2.5號 7.72KG/17LB, 1個",https://m.momoshop.com.tw/search.momo?curPage=1&searchKeyword=aka 90公分,781,https://www.tw.coupang.com/products/AMIKA-%E6%9A%B4%E5%8A%9B%E7%8C%BF-%E5%BE%AE%E9%87%8F%E7%A2%B3%E7%BA%96%E5%88%86%E5%AD%90-%E8%B6%85%E8%80%90%E7%A3%A8-%E5%B0%BC%E9%BE%8D%E7%B7%9A-%E6%A5%B5%E6%9F%94%E8%BB%9F-250M-%E6%97%A5%E6%9C%AC%E8%A3%BD-%E5%89%8D%E5%B0%8E%E7%B7%9A-%E7%A2%B3%E7%B4%A0%E7%B7%9A-%E9%87%A3%E7%B7%9A-%E8%B7%AF%E4%BA%9E-%E9%87%A3%E9%AD%9A-2.5%E8%99%9F-7.72KG%2F17LB-474059867389967?itemId=474059867406353&vendorItemId=474059867389964&sourceType=search&rank=1&searchId=65eb19dea758415a922044abca15d967&q=aka%2090%E5%85%AC%E5%88%86,$264,aka 90公分,x
【Aka】90公分雙螢幕鍵盤收納架-白色(雙螢幕增高架/筆電架/螢幕座/筆電座/原廠保固),"AMIKA 暴力猿 微量碳纖分子 超耐磨釣線 路亞 18.18kg/40LB, 1個",https://m.momoshop.com.tw/search.momo?curPage=1&searchKeyword=aka 90公分,781,https://www.tw.coupang.com/products/AMIKA-%E6%9A%B4%E5%8A%9B%E7%8C%BF-%E5%BE%AE%E9%87%8F%E7%A2%B3%E7%BA%96%E5%88%86%E5%AD%90-%E8%B6%85%E8%80%90%E7%A3%A8%E9%87%A3%E7%B7%9A-%E8%B7%AF%E4%BA%9E-18.18kg%2F40LB-474059871584261?itemId=474059871584262&vendorItemId=474059871584259&sourceType=search&rank=2&searchId=65eb19dea758415a922044abca15d967&q=aka%2090%E5%85%AC%E5%88%86,$264,aka 90公分,x
【Aka】90公分雙螢幕鍵盤收納架-白色(雙螢幕增高架/筆電架/螢幕座/筆電座/原廠保固),"AMIKA 暴力猿 微量碳纖分子 超耐磨釣線 路亞 18.18kg/40LB, 1個",https://m.momoshop.com.tw/search.momo?curPage=1&searchKeyword=aka 90公分,781,https://www.tw.coupang.com/products/AMIKA-%E6%9A%B4%E5%8A%9B%E7%8C%BF-%E5%BE%AE%E9%87%8F%E7%A2%B3%E7%BA%96%E5%88%86%E5%AD%90-%E8%B6%85%E8%80%90%E7%A3%A8%E9%87%A3%E7%B7%9A-%E8%B7%AF%E4%BA%9E-18.18kg%2F40LB-474059871584261?itemId=474059871584262&vendorItemId=474059871584259&sourceType=search&rank=2&searchId=65eb19dea758415a922044abca15d967&q=aka%2090%E5%85%AC%E5%88%86,$264,aka 90公分,x
【Aka】90公分雙螢幕鍵盤收納架-白色(雙螢幕增高架/筆電架/螢幕座/筆電座/原廠保固),"AMIKA 暴力猿 微量碳纖分子 超耐磨釣線 路亞 18.18kg/40LB, 1個",https://m.momoshop.com.tw/search.momo?curPage=1&searchKeyword=aka 90公分,781,https://www.tw.coupang.com/products/AMIKA-%E6%9A%B4%E5%8A%9B%E7%8C%BF-%E5%BE%AE%E9%87%8F%E7%A2%B3%E7%BA%96%E5%88%86%E5%AD%90-%E8%B6%85%E8%80%90%E7%A3%A8%E9%87%A3%E7%B7%9A-%E8%B7%AF%E4%BA%9E-18.18kg%2F40LB-474059871584261?itemId=474059871584262&vendorItemId=474059871584259&sourceType=search&rank=2&searchId=65eb19dea758415a922044abca15d967&q=aka%2090%E5%85%AC%E5%88%86,$264,aka 90公分,x
【Aka】90公分雙螢幕鍵盤收納架-白色(雙螢幕增高架/筆電架/螢幕座/筆電座/原廠保固),"AMIKA 暴力猿 微量碳纖分子 超耐磨 尼龍線 極柔軟 250M 日本製 前導線 碳素線 釣線 路亞 釣魚 2.5號 7.72KG/17LB, 1個",https://m.momoshop.com.tw/search.momo?curPage=1&searchKeyword=aka 90公分,781,https://www.tw.coupang.com/products/AMIKA-%E6%9A%B4%E5%8A%9B%E7%8C%BF-%E5%BE%AE%E9%87%8F%E7%A2%B3%E7%BA%96%E5%88%86%E5%AD%90-%E8%B6%85%E8%80%90%E7%A3%A8-%E5%B0%BC%E9%BE%8D%E7%B7%9A-%E6%A5%B5%E6%9F%94%E8%BB%9F-250M-%E6%97%A5%E6%9C%AC%E8%A3%BD-%E5%89%8D%E5%B0%8E%E7%B7%9A-%E7%A2%B3%E7%B4%A0%E7%B7%9A-%E9%87%A3%E7%B7%9A-%E8%B7%AF%E4%BA%9E-%E9%87%A3%E9%AD%9A-2.5%E8%99%9F-7.72KG%2F17LB-474059867389967?itemId=474059867406353&vendorItemId=474059867389964&sourceType=search&rank=1&searchId=65eb19dea758415a922044abca15d967&q=aka%2090%E5%85%AC%E5%88%86,$264,aka 90公分,x
【Celine】中型Triomphe 凱旋門銀扣 天然小牛皮 棕色 腰帶 皮帶 90 95 Cm(45Aka3A7819Si),"AMIKA 暴力猿 微量碳纖分子 超耐磨釣線 路亞 18.18kg/40LB, 1個",https://m.momoshop.com.tw/search.momo?curPage=1&searchKeyword=aka 90公分,20503,https://www.tw.coupang.com/products/AMIKA-%E6%9A%B4%E5%8A%9B%E7%8C%BF-%E5%BE%AE%E9%87%8F%E7%A2%B3%E7%BA%96%E5%88%86%E5%AD%90-%E8%B6%85%E8%80%90%E7%A3%A8%E9%87%A3%E7%B7%9A-%E8%B7%AF%E4%BA%9E-18.18kg%2F40LB-474059871584261?itemId=474059871584262&vendorItemId=474059871584259&sourceType=search&rank=2&searchId=65eb19dea758415a922044abca15d967&q=aka%2090%E5%85%AC%E5%88%86,$264,aka 90公分,x
【Celine】中型Triomphe 凱旋門銀扣 天然小牛皮 棕色 腰帶 皮帶 90 95 Cm(45Aka3A7819Si),"AMIKA 暴力猿 微量碳纖分子 超耐磨釣線 路亞 18.18kg/40LB, 1個",https://m.momoshop.com.tw/search.momo?curPage=1&searchKeyword=aka 90公分,20503,https://www.tw.coupang.com/products/AMIKA-%E6%9A%B4%E5%8A%9B%E7%8C%BF-%E5%BE%AE%E9%87%8F%E7%A2%B3%E7%BA%96%E5%88%86%E5%AD%90-%E8%B6%85%E8%80%90%E7%A3%A8%E9%87%A3%E7%B7%9A-%E8%B7%AF%E4%BA%9E-18.18kg%2F40LB-474059871584261?itemId=474059871584262&vendorItemId=474059871584259&sourceType=search&rank=2&searchId=65eb19dea758415a922044abca15d967&q=aka%2090%E5%85%AC%E5%88%86,$264,aka 90公分,x
【Celine】中型Triomphe 凱旋門銀扣 天然小牛皮 棕色 腰帶 皮帶 90 95 Cm(45Aka3A7819Si),"AMIKA 暴力猿 微量碳纖分子 超耐磨釣線 路亞 18.18kg/40LB, 1個",https://m.momoshop.com.tw/search.momo?curPage=1&searchKeyword=aka 90公分,20503,https://www.tw.coupang.com/products/AMIKA-%E6%9A%B4%E5%8A%9B%E7%8C%BF-%E5%BE%AE%E9%87%8F%E7%A2%B3%E7%BA%96%E5%88%86%E5%AD%90-%E8%B6%85%E8%80%90%E7%A3%A8%E9%87%A3%E7%B7%9A-%E8%B7%AF%E4%BA%9E-18.18kg%2F40LB-474059871584261?itemId=474059871584262&vendorItemId=474059871584259&sourceType=search&rank=2&searchId=65eb19dea758415a922044abca15d967&q=aka%2090%E5%85%AC%E5%88%86,$264,aka 90公分,x
【Celine】中型Triomphe 凱旋門銀扣 天然小牛皮 棕色 腰帶 皮帶 90 95 Cm(45Aka3A7819Si),"AMIKA 暴力猿 微量碳纖分子 超耐磨 尼龍線 極柔軟 250M 日本製 前導線 碳素線 釣線 路亞 釣魚 2.5號 7.72KG/17LB, 1個",https://m.momoshop.com.tw/search.momo?curPage=1&searchKeyword=aka 90公分,20503,https://www.tw.coupang.com/products/AMIKA-%E6%9A%B4%E5%8A%9B%E7%8C%BF-%E5%BE%AE%E9%87%8F%E7%A2%B3%E7%BA%96%E5%88%86%E5%AD%90-%E8%B6%85%E8%80%90%E7%A3%A8-%E5%B0%BC%E9%BE%8D%E7%B7%9A-%E6%A5%B5%E6%9F%94%E8%BB%9F-250M-%E6%97%A5%E6%9C%AC%E8%A3%BD-%E5%89%8D%E5%B0%8E%E7%B7%9A-%E7%A2%B3%E7%B4%A0%E7%B7%9A-%E9%87%A3%E7%B7%9A-%E8%B7%AF%E4%BA%9E-%E9%87%A3%E9%AD%9A-2.5%E8%99%9F-7.72KG%2F17LB-474059867389967?itemId=474059867406353&vendorItemId=474059867389964&sourceType=search&rank=1&searchId=65eb19dea758415a922044abca15d967&q=aka%2090%E5%85%AC%E5%88%86,$264,aka 90公分,x
